transcript	logFC	AveExpr	t	P.Value	adj.P.Val	B	DomainType	Coverage_max	Subfamily_hits	Domains
HERVH-int_00333	-9.754098423744736	11.599041454172978	-26.6156839210828	4.684433405637405e-10	2.7825534429486186e-7	12.74182507640629	AP | GAG | INT | RT	0.544	HERVH	AP:0.54 | RT:0.34 | INT:0.20 | GAG:0.10
HERVH-int_01008	-7.909712289224778	12.240555859418599	-23.949675550806845	1.2275552933268674e-9	3.2994480147871115e-7	12.546559625731032	AP | GAG | RT	0.838	HERVH	AP:0.84 | RT:0.37 | GAG:0.11
HERVK14C-int_00013	-8.0653854219674	6.471618571973228	-23.1595058509878	1.6663878862561168e-9	3.2994480147871115e-7	11.3150274449071	ENV	0.325	HERVK14C	ENV:0.33
HERVH-int_00494	-5.80115078813909	13.841496389059934	-21.7202055715046	2.9870162754555965e-9	3.409924955687513e-7	11.955429172923647	AP | INT | RT	0.838	HERVH	AP:0.84 | RT:0.37 | INT:0.20
HERVK14-int_00062	7.842999736022806	6.081032248282014	21.47841816124218	3.3067579990545405e-9	3.409924955687513e-7	10.84621112335638	AP | DUT | GAG | RNaseH | RT	1	HERVK14	RT:1.00 | RNaseH:0.75 | DUT:0.50 | GAG:0.44 | AP:0.39
LTR49-int_00981	-7.423348848006984	6.150304254615705	-21.382207963373407	3.444368642108599e-9	3.409924955687513e-7	10.824204503621935	NA	NA	NA	NA
HERVH-int_00663	-6.334738929794321	10.981778651551053	-20.236625657107997	5.676166501144715e-9	4.816632716685659e-7	11.173600118453246	AP | GAG | INT | RT	0.838	HERVH	AP:0.84 | RT:0.34 | INT:0.15 | GAG:0.13
HERVH-int_00425	-7.475062097202828	6.174474700201011	-19.848562196707732	6.764384653237813e-9	4.953351427858527e-7	10.359090280030673	AP | GAG | INT | RNaseH | RT	0.838	HERVH	AP:0.84 | RNaseH:0.60 | INT:0.44 | RT:0.34 | GAG:0.20
HERVH-int_01221	-6.660061969633125	12.887302488019426	-19.622038818884683	7.505077920997768e-9	4.953351427858527e-7	11.066824625947332	AP | GAG | INT | RT	0.412	HERVH	AP:0.41 | RT:0.37 | INT:0.19 | GAG:0.14
HERVK9-int_00046	-7.182050816781831	6.031906092078562	-19.02838463292883	9.908955514842353e-9	5.502754357695143e-7	10.073904018977023	AP | DUT | GAG | INT | ORFX | RNaseH | RT	0.944	HERVK9	AP:0.94 | DUT:0.73 | ORFX:0.60 | RT:0.54 | RNaseH:0.52 | INT:0.24 | GAG:0.22
HUERS-P2-int_00054	7.160097607133717	5.738457723579092	18.96953138842192	1.0190285847583597e-8	5.502754357695143e-7	10.018889475500002	NA	NA	NA	NA
HERVH-int_01284	-6.088289008690557	5.484744131595759	-14.969529626007036	8.546144673396247e-8	4.2303416133311425e-6	8.342914334836617	AP | GAG | INT | RT	0.794	HERVH	AP:0.79 | RT:0.34 | INT:0.20 | GAG:0.13
HERVH-int_00321	-4.506535980931826	9.628610137152078	-14.430847853403757	1.1842878659422808e-7	5.3778327552153335e-6	8.36469227814908	AP | GAG | INT | RT	0.941	HERVH	AP:0.94 | RT:0.40 | INT:0.21 | GAG:0.13
HERVH-int_00491	-5.8579473937722515	13.154891942275619	-14.321000479410106	1.2675026695793715e-7	5.3778327552153335e-6	8.313463112049075	AP | GAG | INT | RT	0.985	HERVH	AP:0.98 | RT:0.51 | INT:0.15 | GAG:0.14
HERVFH21-int_00071	-6.925644716323383	6.427091152136156	-13.899911288064033	1.6518303588123804e-7	6.541248220897027e-6	7.833268336517633	GAG | INT | RT	0.374	HERVFH21	RT:0.37 | GAG:0.20 | INT:0.19
MST-int_00132	-5.23454102369555	5.056145930040665	-13.565006789113035	2.0499651726382764e-7	7.610495703419601e-6	7.5690366352825205	NA	NA	NA	NA
HERVH-int_00439	-7.762997607297639	8.795686374634386	-13.262345926480597	2.502277024426034e-7	8.299755750666536e-6	7.485891487461467	AP | GAG | INT | RT	0.882	HERVH	AP:0.88 | RT:0.51 | INT:0.16 | GAG:0.12
HERVK9-int_00047	-5.098125708659812	4.984991399683465	-13.254681568381777	2.5150775002019803e-7	8.299755750666536e-6	7.3882199431911335	DUT | GAG	0.388	HERVK9	GAG:0.39 | DUT:0.37
LTR37-int_00583	5.1220262165383295	4.717049936257049	13.10158250620515	2.786521076939311e-7	8.711544840536582e-6	7.275112561079366	NA	NA	NA	NA
MER34B-int_00418	7.048973373534436	6.207390440152642	12.867372612637624	3.266450450221029e-7	9.403564945439913e-6	7.2298132297215805	NA	NA	NA	NA
HERVH-int_00441	-8.227168342391481	9.252945381591811	-12.841648041111345	3.324492657478757e-7	9.403564945439913e-6	7.242792450119644	AP | GAG | GAGCOAT | INT | RT	0.412	HERVH	AP:0.41 | RT:0.37 | INT:0.16 | GAG:0.13 | GAGCOAT:0.03
HERVIP10FH-int_00058	-9.245143954844517	7.5887631883345055	-12.673114554429008	3.7340872417077707e-7	1.0082035552610981e-5	7.122732467169872	ENV | RNaseH	0.279	HERVIP10FH	RNaseH:0.28 | ENV:0.18
HERVH-int_00532	-5.6796261690411445	9.291547249208813	-12.505867348056569	4.19623488667978e-7	1.0752070138573563e-5	7.0900021475688	AP | INT | RT	0.37	HERVH	RT:0.37 | AP:0.28 | INT:0.15
HERVH-int_01319	-5.7936765682617635	7.326296123898451	-12.406392172368292	4.5008042244057356e-7	1.0752070138573563e-5	6.952366876285168	GAG | INT | RT	0.37	HERVH	RT:0.37 | INT:0.21 | GAG:0.12
HERVH-int_01193	-3.68002101947524	14.619279581564157	-12.326891172255795	4.7617651805921124e-7	1.0752070138573563e-5	6.9533999213583595	AP | GAG | INT | RT	0.838	HERVH	AP:0.84 | RT:0.34 | INT:0.19 | GAG:0.13
HERVH-int_00275	-4.8148566025738715	4.842744325410352	-12.271735764568056	4.95259957986317e-7	1.0752070138573563e-5	6.791850815690047	GAG | RT	0.349	HERVH	RT:0.35 | GAG:0.14
HERVH-int_00728	-5.282593490696481	5.071224602501552	-12.263993043992297	4.980057189879991e-7	1.0752070138573563e-5	6.804155204705382	AP | GAG | INT | RT	0.838	HERVH	AP:0.84 | RT:0.34 | INT:0.15 | GAG:0.13
HERVH-int_00534	-5.167683674598498	7.01456240619892	-12.239420174540664	5.068315890236696e-7	1.0752070138573563e-5	6.839495176125604	AP | GAG | INT | RNaseH | RT	0.721	HERVH	AP:0.72 | RNaseH:0.37 | RT:0.25 | INT:0.21 | GAG:0.08
HERVI-int_00023	-5.8548276041918585	5.359087686134106	-12.189242705268471	5.253942732638715e-7	1.076152407995654e-5	6.776837060129003	NA	NA	NA	NA
HERVH-int_00342	-7.33583668825497	6.098903425229755	-11.979546263491939	6.115012917724731e-7	1.2107725577094968e-5	6.671360569037288	AP | ENV | GAG | RT	0.985	HERVH	AP:0.98 | RT:0.37 | ENV:0.35 | GAG:0.14
HERVK11D-int_00015	4.369825575725211	7.795706146325649	11.529614872433713	8.537937210691482e-7	1.6151836331831807e-5	6.3948715291503735	INT | RNaseH | RT	0.794	HERVK11D	RNaseH:0.79 | RT:0.52 | INT:0.19
HERVH-int_01153	-5.681597402011532	5.802841983244665	-11.50451658012718	8.701325970010401e-7	1.6151836331831807e-5	6.330982492220334	GAG | INT | RT	0.2	HERVH	INT:0.20 | RT:0.20 | GAG:0.14
HERVK14-int_00154	5.649862169844482	7.219849110114181	11.429064844805406	9.21361353508033e-7	1.6584504363144594e-5	6.296919431905343	ENV | RNaseH	0.529	HERVK14	RNaseH:0.53 | ENV:0.31
HERVE-int_00022	3.02628436389335	8.345787357148684	11.347580850003737	9.804455139561772e-7	1.712895986146968e-5	6.299443628576334	AP | ENV | GAG | INT | RNaseH | RT	0.979	HERVE	RNaseH:0.98 | RT:0.75 | ENV:0.50 | AP:0.44 | INT:0.35 | GAG:0.27
HERVH-int_01045	-4.624648717935042	4.744672803670196	-11.296557206432885	1.019560668623081e-6	1.7303401061774574e-5	6.144940968773753	NA	NA	NA	NA
HERVK22-int_00086	-3.220709883976649	11.981617990509562	-11.116191977386354	1.172234083576033e-6	1.9341862379004545e-5	6.030738694002141	NA	NA	NA	NA
HERVH-int_01290	-4.2749789161283305	4.578583908623492	-11.00532216030613	1.2784791894939457e-6	2.052477401511902e-5	5.922236249402623	AP | GAG | INT | RT	0.985	HERVH	AP:0.98 | INT:0.38 | RT:0.23 | GAG:0.11
HERVH-int_01083	-6.273320640150657	5.561506181577111	-10.893800962411001	1.3961417238207827e-6	2.1823899577619604e-5	5.8971303967188575	AP | GAG | INT | RT	0.985	HERVH	AP:0.98 | RT:0.37 | INT:0.20 | GAG:0.12
HERVH-int_00524	-2.5376211643428412	9.315602808000596	-10.849290627960348	1.4463895211363876e-6	2.2029625014231134e-5	5.888537121213312	AP | GAG | INT | RT	0.838	HERVH	AP:0.84 | RT:0.28 | INT:0.21 | GAG:0.13
HERVK14-int_00153	5.460639532507655	7.3395956197967465	10.663148656335519	1.6791929754076162e-6	2.4630324256216495e-5	5.739537712514473	GAG | RT	0.462	HERVK14	RT:0.46 | GAG:0.28
Harlequin-int_00010	-5.025609797920671	7.032338156796666	-10.647860064567258	1.7000728863718455e-6	2.4630324256216495e-5	5.723874506825104	ENV	0.215	Harlequin	ENV:0.21
HERVH-int_01353	-8.238374245461381	9.34548084505262	-10.485831072528581	1.9398070332933136e-6	2.7434413756576864e-5	5.610791177113427	AP | INT | RT	0.838	HERVH	AP:0.84 | RT:0.37 | INT:0.18
HERVH-int_01339	-3.743362668901261	9.333674569785487	-10.31576352698234	2.2321117786795986e-6	3.043942783182177e-5	5.462754795179408	GAG | RT	0.937	HERVH	RT:0.94 | GAG:0.10
HERVH-int_00520	-3.1623602098480954	11.826132864094687	-10.303616336829704	2.2547724319867977e-6	3.043942783182177e-5	5.350461672088479	ENV | GAG | RNaseH | RT	0.454	HERVH	RT:0.45 | RNaseH:0.44 | ENV:0.17 | GAG:0.10
HERV17-int_00009	-4.215974258429809	4.55853486967054	-10.264052757641386	2.3303503437972115e-6	3.0760624538123186e-5	5.3756056268334556	AP | GAG | INT | RNaseH | RT	0.956	HERV17	AP:0.96 | RT:0.78 | RNaseH:0.34 | GAG:0.11 | INT:0.10
HERV1_I-int_00020	5.081299572591516	5.227190805159129	10.185414548711554	2.4889815289841537e-6	3.214032670036059e-5	5.338865761513149	ENV | INT | RNaseH | RT	0.643	HERV1_I	RNaseH:0.64 | ENV:0.35 | INT:0.31 | RT:0.14
HERVH-int_00121	-4.172433313999804	4.5366607807908315	-10.137937611755657	2.590479015624904e-6	3.2739245431514744e-05	5.275945394207959	AP | GAG | RT	0.794	HERVH	AP:0.79 | RT:0.34 | GAG:0.12
HERVK9-int_00114	3.1165882661618953	8.887628228709694	10.04976740085563	2.7912632945657883e-6	3.454188327025163e-5	5.232627863564224	AP | DUT | GAG | INT | RNaseH | RT	0.822	HERVK9	AP:0.82 | INT:0.73 | DUT:0.56 | RNaseH:0.47 | RT:0.41 | GAG:0.22
HERVL-int_00224	5.166294165506077	5.800989820893282	9.924082173632224	3.1076733269636142e-6	3.7672611351354836e-5	5.140552756686877	DUT	0.664	HERVL	DUT:0.66
HERV3-int_00054	5.036694175829907	5.207128886136083	9.864073300582454	3.2724835290425887e-6	3.8877104325025954e-5	5.082531015890664	ENV | INT | RNaseH	0.693	HERV3	RNaseH:0.69 | ENV:0.27 | INT:0.18
HERVL-int_00436	3.3157526897974314	8.360214388402792	9.817288788423125	3.407641540740664e-6	3.9532461532832596e-5	5.055713177299783	DUT | INT | RT	0.555	HERVL	DUT:0.56 | RT:0.47 | INT:0.13
HERVH-int_00825	-6.750177495067008	7.495276784135307	-9.799459433634125	3.460754208261439e-6	3.9532461532832596e-5	5.051432234339117	AP | GAG | INT | RT	0.971	HERVH	AP:0.97 | RT:0.51 | INT:0.16 | GAG:0.14
LOR1-int_00487	4.309589321805467	6.957489139199135	9.725027394563803	3.692520662310282e-6	4.1384099498345424e-5	4.986223583690952	NA	NA	NA	NA
HERVH-int_01332	-6.019465045425645	6.497058295752491	-9.684152355641663	3.827013032223232e-6	4.209714335445555e-5	4.952703187139971	AP | GAG | INT | RT	0.412	HERVH	AP:0.41 | RT:0.21 | INT:0.16 | GAG:0.14
HERVH-int_00065	-4.724494805787438	11.825153092615977	-9.611652391596378	4.078997510159566e-6	4.405317310972331e-5	4.753736164404565	GAG | INT | RT	0.34	HERVH	RT:0.34 | INT:0.16 | GAG:0.12
HERV35I-int_00262	3.872990050426303	6.955448474137187	9.571651430752171	4.225788731639369e-6	4.4823544760603314e-5	4.857276396973965	NA	NA	NA	NA
HERVH-int_00544	-5.002881855685103	4.93457204454456	-9.460311926282895	4.665827350063286e-6	4.862283238487003e-5	4.748050936746141	AP | GAG | INT | RT	0.338	HERVH	AP:0.34 | RT:0.25 | INT:0.20 | GAG:0.12
HERV9NC-int_00038	-4.060734995784427	6.701499875267533	-9.42378732410217	4.820956598683787e-6	4.937324516583051e-5	4.727461110911957	AP | ENV | GAG | RNaseH | RT	0.464	HERV9NC	RNaseH:0.46 | AP:0.37 | ENV:0.15 | GAG:0.10 | RT:0.09
HERVK22-int_00085	-2.8245068467619943	11.6821872504494	-9.395216857326607	4.946252067823165e-6	4.979785980147389e-5	4.526090983474603	INT | RNaseH | RT	0.5	HERVK22	RT:0.50 | INT:0.49 | RNaseH:0.41
HERVH-int_01056	-2.930402189031775	13.709936608404554	-9.371077910432252	5.054902556375203e-6	5.004353530811451e-5	4.487624705898509	AP | GAG | INT | RT	0.882	HERVH	AP:0.88 | RT:0.51 | INT:0.15 | GAG:0.10
HERVH-int_01229	-4.440716035953223	5.1839309168384435	-9.337716876651717	5.2093992747798e-6	5.072759293801969e-5	4.643205187270037	AP | GAG | INT | RT	0.985	HERVH	AP:0.98 | RT:0.45 | GAG:0.12 | INT:0.10
HERVH-int_00808	-5.1161003415109825	5.5148283112526295	-9.278323086544868	5.497447247108657e-6	5.266909136746035e-5	4.5975687986749865	GAG | INT | RT	0.374	HERVH	RT:0.37 | INT:0.16 | GAG:0.13
HERV9NC-int_00014	3.584034391311535	7.115694610173746	9.230101838071537	5.744187942422014e-6	5.415948631426471e-5	4.561848012916146	AP | ENV | GAG | RNaseH | RT	0.849	HERV9NC	RT:0.85 | RNaseH:0.56 | AP:0.38 | GAG:0.25 | ENV:0.18
Harlequin-int_00012	-5.515833848142286	5.735691999862121	-9.186366780611745	5.9785146680468755e-6	5.548808926281006e-5	4.519259596168392	NA	NA	NA	NA
HERVH-int_00048	-3.9744468909145962	11.199348803912903	-9.050918120869715	6.7733847618180385e-6	6.18983161310756e-5	4.237219230670952	AP | INT | RT	0.838	HERVH	AP:0.84 | RT:0.37 | INT:0.21
Harlequin-int_00179	-5.375841898679638	7.980695937916071	-9.03406447516398	6.88014577416222e-6	6.192131196745998e-5	4.385671120894586	ENV | GAG	0.285	Harlequin	ENV:0.28 | GAG:0.10
HERVH-int_01046	-4.454176412179321	8.622619602730177	-8.94691445218104	7.462495900774412e-6	6.616003828447762e-5	4.296568877193161	AP | GAG | INT | RT	0.985	HERVH	AP:0.98 | RT:0.37 | INT:0.15 | GAG:0.10
HERVL-int_00053	2.316331929301091	8.375085434984987	8.920215073043934	7.651567998140463e-6	6.683869692493287e-5	4.214003068554364	DUT | INT	0.577	HERVL	DUT:0.58 | INT:0.56
HERVH-int_00476	-1.7448584835351906	14.853239319380606	-8.734573741475739	9.12097232413435e-6	7.851967479037397e-5	3.8539932162043895	AP | GAG | INT | RT	0.838	HERVH	AP:0.84 | RT:0.43 | INT:0.19 | GAG:0.13
HERVH-int_01191	-3.848576343762601	13.031163191228085	-8.690796814155826	9.51090535999875e-6	8.070682548341796e-5	3.820786438482065	GAG | INT | RT	0.252	HERVH	RT:0.25 | INT:0.15 | GAG:0.13
HERVH-int_00870	-3.2053276135752924	13.515333979151324	-8.655781657636833	9.835960617644857e-6	8.228958601240909e-5	3.785393875833024	AP | RT	0.838	HERVH	AP:0.84 | RT:0.21
HERVS71-int_00036	1.8184278384356196	10.216052078277013	8.54878945700746	1.0907059652208074e-5	8.883754691217588e-5	3.7212797488383966	ENV | GAG | INT | RNaseH	0.7	HERVS71	RNaseH:0.70 | INT:0.38 | GAG:0.26 | ENV:0.15
HERVH-int_00259	-2.43955221410947	8.370786217846149	-8.547780914779247	1.0917745664290976e-5	8.883754691217588e-5	3.85963728116468	AP | GAG | RT	0.838	HERVH	AP:0.84 | RT:0.34 | GAG:0.12
HUERS-P3-int_00277	3.261891479269501	7.264264317758431	8.508087770742167	1.1347565416840675e-5	9.108721429193731e-5	3.893002469799752	NA	NA	NA	NA
Harlequin-int_00110	-2.3807263181634615	10.50048679840708	-8.467621465510689	1.1804924831613297e-5	9.349500466637731e-5	3.653004230434009	ENV | GAG	0.23	Harlequin	ENV:0.23 | GAG:0.14
HERVH-int_01037	-3.9700224780363684	4.956042388360628	-8.394937326108899	1.2677988352227677e-5	9.908848791083211e-5	3.7877753290849405	AP | INT | RT	0.971	HERVH	AP:0.97 | RT:0.51 | INT:0.16
MER57A-int_00623	2.3824721117433985	10.02092819695337	8.32770971468324	1.3548791195720625e-5	1.0451924636698768e-4	3.5192882159889054	NA	NA	NA	NA
HERVH-int_00105	-4.630264973542944	10.945575933099423	-8.265945714281925	1.4406821299117103e-5	1.0971348527789178e-4	3.476472968026207	AP | ENV | GAG | INT | RT	0.868	HERVH	AP:0.87 | RT:0.49 | ENV:0.33 | INT:0.32 | GAG:0.13
ERVL-E-int_02133	2.898382767962975	6.654610459351065	7.962606569654101	1.9581454711783127e-5	1.4723271011138198e-4	3.3598815671095927	NA	NA	NA	NA
HERVH-int_00023	-4.26508301659706	9.592487279311968	-7.944638949702776	1.994627998128592e-5	1.474472815388702e-4	3.2076488360575652	AP | GAG | INT | RT	0.399	HERVH	RT:0.40 | AP:0.35 | INT:0.20 | GAG:0.13
HERV15-int_00018	2.9203354616115673	7.736566724689123	7.936863977865352	2.010644748257321e-5	1.474472815388702e-4	3.298182579710777	AP | INT | RNaseH | RT	0.838	HERV15	AP:0.84 | RNaseH:0.76 | INT:0.30 | RT:0.12
MER65-int_00318	4.342536235561491	5.10403795207161	7.883979769454122	2.123394646801956e-5	1.5368690272056507e-4	3.286575344947786	NA	NA	NA	NA
HERVH-int_00099	-2.0815057200718643	13.925506696103993	-7.8730824879282615	2.1474769235365152e-5	1.5368690272056507e-4	2.9526118591886643	AP | GAG | RT	0.838	HERVH	AP:0.84 | RT:0.36 | GAG:0.13
HERVH-int_01338	-3.8116741836284262	8.920054899156503	-7.804017882215131	2.3072291195785013e-5	1.6315405917019402e-4	3.093514238057397	ENV	0.255	HERVH	ENV:0.26
HERVK9-int_00109	1.6265628558805632	10.644875027910867	7.7173151201151855	2.5264465064120576e-5	1.7655402644808967e-4	2.8127425624952895	AP | DUT | ENV | GAG | INT | RNaseH | RT	0.985	HERVK9	DUT:0.98 | RNaseH:0.86 | RT:0.47 | GAG:0.45 | INT:0.30 | AP:0.28 | ENV:0.25
HERVK9-int_00115	2.839486121593115	8.595653193016094	7.667182807066507	2.663521078477182e-5	1.8396878146691232e-4	2.9147458395850308	ENV | INT	0.224	HERVK9	ENV:0.22 | INT:0.12
HERVH-int_01061	-1.5301012090582373	10.68058453733653	-7.524771619887393	3.099282824362782e-5	2.116062066289072e-4	2.602779471115463	AP | INT | RT	0.838	HERVH	AP:0.84 | RT:0.36 | INT:0.21
MER4-int_00820	-2.349278969818817	9.582616416336334	-7.449303084798098	3.361335489475033e-5	2.2689014553956474e-4	2.6045772894798525	NA	NA	NA	NA
ERVL-E-int_02982	2.1968621182359382	8.423896701928923	7.427450639001309	3.441664041549638e-5	2.2789007177311077e-4	2.6524927987017772	NA	NA	NA	NA
HERV9-int_00064	4.558110559688655	5.20968330227196	7.424443880693579	3.452879875350163e-5	2.2789007177311077e-4	2.8077233644860176	ENV | INT | RNaseH	0.636	HERV9	RNaseH:0.64 | INT:0.20 | ENV:0.10
Harlequin-int_00145	-2.8358862828917966	8.096148006092204	-7.31887443519371	3.873137795108822e-5	2.528180055268835e-4	2.611310188042168	ENV	0.277	Harlequin	ENV:0.28
HERVH-int_00977	-2.8390037804479338	8.402793665266072	-7.300690269516358	3.951011972585005e-5	2.537911839227146e-4	2.5460123142176556	GAG | INT | RT	0.34	HERVH	RT:0.34 | INT:0.20 | GAG:0.13
HERV-Fc2-int_00025	-6.966055442009711	8.130894595998555	-7.295512279101547	3.973498334143512e-5	2.537911839227146e-4	2.646016350392536	AP | GAG | INT | RNaseH | RT	0.838	HERV-Fc2	AP:0.84 | RNaseH:0.51 | RT:0.32 | INT:0.30 | GAG:0.10
MER57-int_00471	2.2975321339278825	8.689982969916574	7.225822441306449	4.290127034396895e-5	2.710995168544421e-4	2.4017397327658356	NA	NA	NA	NA
HUERS-P3-int_00276	3.3873056832269066	6.59686035479319	7.163641176023485	4.595977659940525e-5	2.873006833371231e-4	2.5120966812993917	NA	NA	NA	NA
HERVH-int_00949	-3.326407224605629	6.499906304197788	-7.154435863789858	4.643243367064616e-5	2.873006833371231e-4	2.5041106012218286	AP | GAG | INT | RT	0.794	HERVH	AP:0.79 | RT:0.34 | GAG:0.14 | INT:0.14
Harlequin-int_00074	1.4889601372477501	12.060105952144541	7.114214976909924	4.8560742141076975e-5	2.9737196733814144e-4	2.099918183445096	ENV | GAG	0.374	Harlequin	ENV:0.37 | GAG:0.10
HERVH-int_00602	-2.8127659369943365	12.617579246291964	-7.086903068313193	5.006653527582109e-5	3.005347567239043e-4	2.0600292673981	AP | INT | RT	0.399	HERVH	RT:0.40 | AP:0.32 | INT:0.20
HERV9N-int_00052	-1.8069884949684876	9.984483621766355	-7.083589677026121	5.025265017739418e-5	3.005347567239043e-4	2.1375911625115656	NA	NA	NA	NA
HERVK9-int_00215	-4.007928438070136	6.850225029498627	-7.0775282974087	5.0595076889546175e-5	3.005347567239043e-4	2.4111257035100255	AP | DUT | ENV | INT | RNaseH | RT	0.927	HERVK9	RT:0.93 | AP:0.91 | DUT:0.74 | INT:0.73 | RNaseH:0.51 | ENV:0.19
THE1D-int_00141	-2.324233454357496	9.726724853701803	-7.04864409023005	5.2262172307842055e-5	3.063979779300895e-4	2.1293931775982706	NA	NA	NA	NA
MER4-int_00507	-5.912579848152169	5.391883759512369	-7.042680209910626	5.2613794190015366e-5	3.063979779300895e-4	2.3782966869846875	NA	NA	NA	NA
HERVH-int_00457	-2.579780969886365	10.118282167667692	-6.996063486586837	5.545281892475643e-5	3.1979586836218755e-4	2.0505708730769747	GAG | INT | RT	0.399	HERVH	RT:0.40 | INT:0.20 | GAG:0.14
MST-int_00528	1.4723233935426279	10.061498428588713	6.983032000477308	5.6276022662252474e-5	3.214226678978651e-4	1.9857117259538182	NA	NA	NA	NA
HERVH-int_00087	-2.277640413265905	13.416027503513428	-6.90327117608853	6.161411293564773e-5	3.4855983889309287e-4	1.836522976535246	AP | GAG | INT | RT	0.824	HERVH	AP:0.82 | RT:0.34 | INT:0.20 | GAG:0.13
MER31-int_00441	3.2361429945337314	6.1730911437043074	6.8588485003191115	6.482457455946e-5	3.6326223856904944e-4	2.177988652310919	NA	NA	NA	NA
HERVFH21-int_00082	-2.9854086953192436	9.906953773567851	-6.839911428321837	6.624820049138385e-5	3.6777038403628043e-4	1.8897395382667757	GAG | RNaseH | RT	0.971	HERVFH21	RNaseH:0.97 | RT:0.37 | GAG:0.20
HERVE_a-int_00053	1.4517486053683466	10.291222021039676	6.805844405375414	6.88957605473598e-5	3.7892668301047893e-4	1.7575722257735649	ENV	0.245	HERVE_a	ENV:0.24
MER4-int_00821	-2.4288704406090695	9.270437185817807	-6.62838043429676	8.468745148816716e-5	4.6150776315569993e-4	1.6582157573838696	NA	NA	NA	NA
HERVH-int_00533	-4.08536399009155	5.524233709520207	-6.619408130266744	8.558433403709962e-5	4.6215540380033796e-4	1.9003192305562342	AP | GAG | INT | RT	0.838	HERVH	AP:0.84 | RT:0.43 | INT:0.20 | GAG:0.12
HERVH-int_00197	-3.065852092884729	5.795063612261545	-6.496605433375732	9.895662603380085e-5	5.295516744511506e-4	1.7576611828782092	AP | INT | RT	0.985	HERVH	AP:0.98 | RT:0.37 | INT:0.16
MER57-int_00470	2.5731279595714867	7.512006861825108	6.480657616109051	1.0085378888479663e-4	5.348852731925822e-4	1.665408623659312	NA	NA	NA	NA
HERVH-int_00648	-3.551760812598416	5.5148283112526295	-6.437121737146276	1.0623717792303753e-4	5.584502981087105e-4	1.6867896525948538	AP | GAG | INT | RT	0.985	HERVH	AP:0.98 | RT:0.37 | INT:0.20 | GAG:0.14
LTR25-int_00290	-3.8821438390117535	5.162131822303414	-6.375138703809307	1.1444792623707393e-4	5.963339314458062e-4	1.6145672267850308	NA	NA	NA	NA
HERVL-int_00054	3.529225707680731	5.386703587589926	6.358912770773704	1.1670952504565391e-4	6.02830068496682e-4	1.5998184262599588	RT	0.525	HERVL	RT:0.53
HERVIP10FH-int_00145	2.060557657936725	7.95572607478287	6.303483980607566	1.2480913721525788e-4	6.391088578091653e-4	1.3535614361955162	NA	NA	NA	NA
MER34-int_00241	2.378275319369549	6.8208376958664605	6.283329406004223	1.279039877246546e-4	6.493587069097849e-4	1.4706968574406485	ENV	0.304	MER34	ENV:0.30
MLT-int_00132	2.952553419096906	5.705198656694707	6.242939873707739	1.343599150643004e-4	6.763541487135121e-4	1.4577243069273544	NA	NA	NA	NA
MER4-int_00566	3.736472228209676	5.3291420311514095	6.215069571061819	1.390207317196693e-4	6.939354171553241e-4	1.4229124862497802	NA	NA	NA	NA
HERVH-int_01330	-1.8450448539151627	8.59916077114669	-6.186526696473064	1.439765697887663e-4	7.117954884234876e-4	1.1428678593019992	AP | GAG | INT | RT	0.941	HERVH	AP:0.94 | RT:0.21 | INT:0.15 | GAG:0.14
HERVIP10B3-int_00096	1.4201447519415753	10.95713890314115	6.178001840299108	1.4549367035296846e-4	7.117954884234876e-4	0.9430451806579399	NA	NA	NA	NA
MER65-int_00337	3.5586380378858116	7.938412764458658	6.172739487471005	1.4643882531182464e-4	7.117954884234876e-4	1.26721114559804	NA	NA	NA	NA
HERVE-int_00128	1.8893404666039346	8.601426203221195	6.167469715696168	1.4739199507759088e-4	7.117954884234876e-4	1.1089311083155113	AP | GAG | INT | RNaseH | RT	0.985	HERVE	AP:0.98 | RT:0.58 | RNaseH:0.56 | INT:0.39 | GAG:0.17
HERV9NC-int_00167	-4.06340273876498	6.020119190092647	-6.120334348813229	1.562233704864345e-4	7.48360339265662e-4	1.2854118353034183	INT	0.496	HERV9NC	INT:0.50
ERVL-E-int_04095	2.5378279188575594	7.7522287933494045	6.091526065994071	1.6190255757779457e-4	7.666386074881747e-4	1.1336418037401303	NA	NA	NA	NA
HERVH-int_01251	-3.5063066641859995	7.354133199418965	-6.087963405680026	1.626203106793098e-4	7.666386074881747e-4	1.2069136649958203	AP | GAG | RT	0.838	HERVH	AP:0.84 | RT:0.34 | GAG:0.13
HERV9-int_00085	-1.2407108344051148	13.710861853492824	-6.043000376890694	1.7198164004442656e-4	8.043865683967668e-4	0.7394141152107148	ENV	0.312	HERV9	ENV:0.31
HERVH-int_01181	-3.0759710398564324	8.20905636559953	-6.011239543528692	1.7894590784698836e-4	8.245031018964936e-4	1.025472863182861	AP | GAG | INT | RT	0.838	HERVH	AP:0.84 | RT:0.37 | INT:0.20 | GAG:0.13
HERVK-int_00020	1.5611789255314066	9.140088278665322	6.0107359989588245	1.790587544522688e-4	8.245031018964936e-4	0.8404498168916188	NA	NA	NA	NA
MER34B-int_00668	-3.1787638503499407	5.323998537200616	-6.001516015724099	1.8113869357759603e-4	8.276644921930157e-4	1.1575362731755616	NA	NA	NA	NA
HERVH-int_00730	-2.4402471711361153	11.778034283360817	-5.983573881545819	1.8526174585877463e-4	8.400418094665048e-4	0.6771871239170277	AP | INT | RT	0.941	HERVH	AP:0.94 | RT:0.34 | INT:0.15
ERVL-E-int_06218	2.203664927974397	6.489535448428772	5.920813695653915	2.0050364404059504e-4	8.975272715164274e-4	1.0278038506568468	NA	NA	NA	NA
Harlequin-int_00027	3.098115435180667	5.819760509343652	5.919009275985385	2.0096149345401486e-4	8.975272715164274e-4	1.0476776508911465	ENV | GAG	0.176	Harlequin	ENV:0.18 | GAG:0.12
HERVIP10B3-int_00084	1.9768844622484691	7.478975491590775	5.907724826661145	2.0385060426743833e-4	9.036362607078982e-4	0.9162587266008613	ENV	0.244	HERVIP10B3	ENV:0.24
HERVFH21-int_00083	-4.111360403421435	6.314380483548472	-5.879489561324219	2.1127862895168378e-4	9.296259673874087e-4	0.9739337728904598	NA	NA	NA	NA
HERV-Fc2-int_00004	2.541948435277724	6.722506809495195	5.8202508745701715	2.2783356531885533e-4	9.950966014661768e-4	0.8873923441395082	GAG	0.195	HERV-Fc2	GAG:0.20
MER57A-int_00622	2.4006217183609837	6.462081082603378	5.735083900692598	2.5414442367570014e-4	0.0011019108588566852	0.7884046153787967	NA	NA	NA	NA
HUERS-P3-int_00279	3.4013840582659998	5.5660922360780525	5.725293038118017	2.5737383976475196e-4	0.0011078265276830627	0.8002991655311815	NA	NA	NA	NA
MER21-int_00661	-2.442688137000407	5.738004135845679	-5.672514977691631	2.755644267987913e-4	0.0011775918670394391	0.732345441239568	NA	NA	NA	NA
HERVH-int_01160	-1.2431405975170355	11.190742575426892	-5.597200557922628	3.0397224932897094e-4	0.0012819802417870748	0.1578066093750481	AP | ENV | GAG | INT | RNaseH | RT	0.643	HERVH	RNaseH:0.64 | AP:0.62 | INT:0.38 | RT:0.29 | GAG:0.13 | ENV:0.13
HERVK3-int_00063	1.6967872522160032	8.755634758949693	5.596355456546046	3.0430844123228545e-4	0.0012819802417870748	0.3252131877285427	AP | DUT | GAG | RNaseH | RT	0.881	HERVK3	GAG:0.88 | AP:0.81 | DUT:0.59 | RT:0.53 | RNaseH:0.40
HERVI-int_00025	2.1356109156536514	7.324420725129274	5.5596861135116304	3.1929011819315265e-4	0.0013356220437093851	0.48660278136584534	NA	NA	NA	NA
HERVE_a-int_00123	-3.3346387076451127	5.974441195087712	-5.406672263380803	3.9098103355961417e-4	0.0016206934473612777	0.36279490700780226	NA	NA	NA	NA
HERVIP10FH-int_00095	1.2957262943098191	10.128499014656994	5.403012959042621	3.9289538117849153e-4	0.0016206934473612777	-0.08462262409125376	NA	NA	NA	NA
HERVL74-int_00065	1.4294593986379367	9.858499806643692	5.349828590113057	4.218902100187262e-4	0.0017282950672491265	-0.13624566868439025	NA	NA	NA	NA
HERVH-int_00836	-4.697513510742071	5.2894071695887135	-5.333554789691133	4.3121715960523085e-4	0.0017544040603116925	0.2637869876314971	GAG | RT	0.13	HERVH	RT:0.13 | GAG:0.13
HERVH-int_00434	-1.68500213915411	7.784890644028546	-5.318553353642281	4.400120270670109e-4	0.0017780077828422071	0.07425397236672637	GAG | INT | RT	0.433	HERVH	RT:0.43 | INT:0.19 | GAG:0.13
HERV4_I-int_00098	2.1911327557631712	6.4795152830225105	5.2523033612846355	4.812316928769843e-4	0.001931429902492761	0.13630684587766861	INT	0.101	HERV4_I	INT:0.10
LTR46-int_00043	1.3542603889646811	11.034360092003222	5.225207694546533	4.992727431471094e-4	0.001990389325029416	-0.36841057239233077	ENV | GAG | INT | RNaseH | RT	0.321	LTR46	RNaseH:0.32 | RT:0.31 | INT:0.15 | GAG:0.10 | ENV:0.07
HERVH-int_00022	-4.085979850641165	7.949975743090844	-5.1974061220146135	5.185434608231617e-4	0.0020534321048597203	-0.005554472222473628	AP | GAG | INT | RT	0.399	HERVH	RT:0.40 | AP:0.34 | INT:0.20 | GAG:0.14
MER4-int_00822	-3.2058375888657897	7.640710173840115	-5.102352267346216	5.907195996596196e-4	0.00230916936276937	-0.13343482500190884	NA	NA	NA	NA
HERVH-int_01321	-3.506818984049831	5.120693552655845	-5.0987294553262235	5.936761168068471e-4	0.00230916936276937	-0.041626422947318886	AP | GAG | INT | RT	0.985	HERVH	AP:0.98 | INT:0.38 | RT:0.34 | GAG:0.14
ERVL-E-int_02628	2.555540389271208	5.891565817993207	5.0973743923544665	5.947860479860498e-4	0.00230916936276937	-0.048344575687927716	NA	NA	NA	NA
HERVE-int_00016	1.8074181084719367	7.724515050839621	5.068614382646512	6.188775001424049e-4	0.0023870989291207047	-0.289763987316503	AP | ENV | GAG | INT | RNaseH | RT	1	HERVE	AP:1.00 | RT:0.75 | RNaseH:0.62 | ENV:0.62 | INT:0.41 | GAG:0.27
HUERS-P3-int_00044	1.2103550340300113	10.00764950518778	5.061239359971595	6.252229789411792e-4	0.002396015803168132	-0.5697265576900987	GAG | INT | RNaseH | RT	0.588	HUERS-P3	RT:0.59 | RNaseH:0.41 | INT:0.16 | GAG:0.10
HERVH-int_00546	-1.6887303970661764	7.60653570388119	-5.0547249358787365	6.308862001972569e-4	0.0024022205315203243	-0.26333089688481426	AP | RT	0.838	HERVH	AP:0.84 | RT:0.28
HERVH-int_00609	-3.1962143474877305	9.551378575023238	-5.010056508748758	6.712350514763986e-4	0.002539577201127266	-0.5132896474827291	AP | GAG | INT | RT	0.985	HERVH	AP:0.98 | RT:0.25 | INT:0.20 | GAG:0.14
HERVH-int_00016	-1.3153675026326002	10.731277410310309	-4.969644495807671	7.101341332678077e-4	0.0026620865042526116	-0.7268605332311786	AP | GAG | INT | RT	0.794	HERVH	AP:0.79 | INT:0.40 | RT:0.34 | GAG:0.10
HERVH-int_00299	-2.510123499504846	7.006127271776161	-4.967184752575053	7.125787107342849e-4	0.0026620865042526116	-0.29454871018952655	AP | GAG | INT | RT	0.809	HERVH	AP:0.81 | RT:0.43 | INT:0.20 | GAG:0.13
MER57-int_00453	2.565305418769632	6.285864581966793	4.914246421636568	7.674416438115906e-4	0.0028491271026505303	-0.3287759038273368	NA	NA	NA	NA
HERVK14C-int_00032	1.9610769798581345	6.942885606779423	4.872490095746179	8.139129662965838e-4	0.0030028838632308744	-0.43212591261921496	ENV	0.169	HERVK14C	ENV:0.17
ERVL-E-int_03844	1.5583140775680289	7.874572546122958	4.830676714632952	8.634861520161896e-4	0.0031661158907260283	-0.6674469272003041	NA	NA	NA	NA
MER4-int_00350	-1.250045387286065	9.428672732858573	-4.82465657767851	8.708861411841111e-4	0.003173658698548233	-0.8505241114664486	NA	NA	NA	NA
HERVK22-int_00045	1.124172881925611	9.69756294097308	4.782803171689901	9.242500186927748e-4	0.003347588482338465	-0.9575568533740215	NA	NA	NA	NA
ERVL-E-int_04102	1.671908240458858	7.2406888941516065	4.772130670062278	9.384112656368946e-4	0.003378280556292821	-0.6364581032854719	NA	NA	NA	NA
HERVH-int_00152	1.43383633275728	8.831442731794068	4.721552912243517	0.0010087566646041204	0.003609647342017154	-0.9479913585687418	NA	NA	NA	NA
HERVIP10B3-int_00106	1.9401234117259107	7.626200783790422	4.702777706478384	0.0010362893852884053	0.0036859634422833094	-0.8004817364677859	ENV	0.388	HERVIP10B3	ENV:0.39
LTR25-int_00148	2.15234038362047	5.879336953604837	4.659729563472176	0.0011024998374549952	0.0038981244252873043	-0.66623396863225	NA	NA	NA	NA
HERVK22-int_00044	0.950436306775675	11.429328969929939	4.630413367258787	0.0011501719213443185	0.0040426161022397945	-1.2557665785631933	ENV | INT | ORFX | RNaseH | RT	0.662	HERVK22	RNaseH:0.66 | INT:0.50 | RT:0.47 | ENV:0.28 | ORFX:0.21
HERVFH21-int_00020	1.3090750147379864	9.805975304435655	4.6214003205519205	0.0011652677453652643	0.004071582592629217	-1.2076082396674863	AP | ENV | GAG | RNaseH | RT	1	HERVFH21	AP:1.00 | RT:0.69 | RNaseH:0.59 | ENV:0.25 | GAG:0.05
HERVH-int_00586	-2.1312294689968785	8.378203898078985	-4.612210234552609	0.001180878421378734	0.00410199872689455	-1.0376156474021583	AP | INT | RNaseH | RT	0.809	HERVH	AP:0.81 | RNaseH:0.51 | INT:0.49 | RT:0.34
HERVK-int_00019	1.5169022869170685	7.85248977944074	4.606221285350083	0.001191171724917071	0.004113697701167094	-1.0007000711226182	INT	0.368	HERVK	INT:0.37
MER4-int_00501	-4.336224339143728	6.087618962110458	-4.5595581950698625	0.0012747333762402192	0.004376830205125378	-0.8584990600160225	NA	NA	NA	NA
MER57A-int_00739	-1.2664628968556673	12.488546671556144	-4.53518873244083	0.001320842843983708	0.004509084191530589	-1.4099924164526998	NA	NA	NA	NA
HERVH-int_00290	-2.4810514327885165	7.257898658036417	-4.5073698061275245	0.001375665426180955	0.0046551318803216375	-0.9847802447909846	AP | GAG | RT	0.971	HERVH	AP:0.97 | RT:0.36 | GAG:0.12
HUERS-P3-int_00045	0.9593746525944483	9.614708992792426	4.505568335894787	0.0013792983349101148	0.0046551318803216375	-1.3741991065544452	ENV	0.132	HUERS-P3	ENV:0.13
ERV3-16A3_I-int_00980	2.303600791197916	6.434034801164678	4.501682962285739	0.0013871686209258505	0.004655243846496922	-0.942528429365157	NA	NA	NA	NA
HERVL18-int_00132	1.6790572364159868	9.307261838514972	4.474521537456411	0.0014435437404936358	0.004795693081024945	-1.3738834551701622	INT | RT	0.311	HERVL18	RT:0.31 | INT:0.21
HERVK14-int_00113	1.554245769630482	7.953247907524503	4.473756415734735	0.0014451667702078536	0.004795693081024945	-1.2135226800640062	AP	0.778	HERVK14	AP:0.78
HERVL-int_00437	3.332667405196917	5.935073460116597	4.467451297097381	0.0014586159792340633	0.004813432731472409	-0.9704116507865628	NA	NA	NA	NA
PABL_B-int_00232	3.279831745877657	6.1943500770528965	4.460417738309747	0.0014737766899151127	0.004836593114970038	-0.9896495853002527	INT | RNaseH | RT	0.761	PABL_B	RT:0.76 | RNaseH:0.55 | INT:0.40
HERVL-int_01281	1.0366676502552243	9.56869713945299	4.438500545601665	0.001522106266896336	0.0049677534205298	-1.4711068756730104	DUT | INT | RNaseH | RT	0.533	HERVL	DUT:0.53 | RT:0.34 | RNaseH:0.31 | INT:0.12
LOR1-int_00502	-1.3119267672358104	8.132266565321915	-4.398920853190801	0.0016137161143905544	0.005237963781136554	-1.3463693641515757	NA	NA	NA	NA
HERVH-int_00396	-1.2770173593295886	8.366017366380197	-4.379785450918069	0.00166009715621379	0.005359226689081474	-1.4021753310853855	GAG | INT | RT	0.483	HERVH	RT:0.48 | INT:0.20 | GAG:0.12
MER4-int_00502	-4.602680135331879	6.203923804865561	-4.359726338440215	0.0017102451195448373	0.005491273518970992	-1.1643517761442794	NA	NA	NA	NA
HERVH-int_00035	-2.048153139569449	8.16466015707715	-4.340866904792823	0.0017588669273175708	0.005588185185439136	-1.423774572181407	AP | GAG | INT | RT	0.824	HERVH	AP:0.82 | RT:0.34 | INT:0.20 | GAG:0.12
HERVH-int_00684	-1.549784571679043	8.532882178365341	-4.340723020714335	0.0017592434843049132	0.005588185185439136	-1.479172247161534	AP | GAG | INT | RT	0.838	HERVH	AP:0.84 | RT:0.37 | INT:0.20 | GAG:0.10
HERVK14-int_00112	1.402321110460834	7.620601961972241	4.332447042032345	0.0017810475011346264	0.005627352211031745	-1.3876967999729963	DUT | GAG	0.412	HERVK14	GAG:0.41 | DUT:0.31
MER70-int_00088	1.1024761744771747	9.360722932480325	4.317542586059893	0.0018210436514046087	0.005712949315501371	-1.6350592639197945	NA	NA	NA	NA
HERVH-int_00042	-1.534699084089786	10.91157389434536	-4.31521542926298	0.0018273743601772063	0.005712949315501371	-1.7267742142538403	AP | GAG | INT | RT	0.794	HERVH	AP:0.79 | RT:0.30 | INT:0.19 | GAG:0.12
HERVH-int_00098	-2.876734805107392	5.701981897368218	-4.3017918985926045	0.0018643512354086342	0.005798034732108527	-1.2152294789434208	NA	NA	NA	NA
HERV-Fc2-int_00038	-2.855959966046924	6.209504330046741	-4.284230613524326	0.0019139321305968345	0.005921227529033957	-1.2576966598863422	AP | ENV | GAG | INT | RNaseH | RT	0.912	HERV-Fc2	RT:0.91 | RNaseH:0.61 | ENV:0.50 | AP:0.41 | INT:0.34 | GAG:0.13
LTR46-int_00042	0.9988699944656694	11.357745379724381	4.269067281217862	0.001957871265504129	0.006025779957043796	-1.8157981344568004	ENV	0.418	LTR46	ENV:0.42
HERVK22-int_00079	-1.5923456863271	7.2348210018011905	-4.2629940010607035	0.001975769626228227	0.006049521432884364	-1.3754848299475064	GAG	0.184	HERVK22	GAG:0.18
HERVL-int_01135	1.6867377792776705	10.241043728534077	4.256536373956857	0.0019949916178044263	0.006077051389619637	-1.7957394181582815	DUT | INT | RT	0.299	HERVL	DUT:0.30 | RT:0.20 | INT:0.17
ERVL-B4-int_00919	0.9363512116482524	10.796597091341694	4.248477543692366	0.0020192590214688686	0.0061195911160842244	-1.8442206367129597	NA	NA	NA	NA
ERVL-B4-int_00734	0.9364332455597087	9.897009738099428	4.233583546907112	0.0020649384587931446	0.006226261139711309	-1.825118778927406	NA	NA	NA	NA
HERVK-int_00038	-1.2483994681887658	7.73064856212299	-4.210111281754524	0.0021391694911716695	0.006417508473515009	-1.5839590456759032	ENV | INT | RT	0.752	HERVK	RT:0.75 | ENV:0.65 | INT:0.33
ERV3-16A3_I-int_01747	1.5319673443993849	6.959209216601491	4.17668615383499	0.002249805854969148	0.006715500893727005	-1.4913590036647593	NA	NA	NA	NA
MER101-int_00472	1.0214945919269445	8.770774454506244	4.15868959069602	0.0023118750640530863	0.00685050761877497	-1.8113621999006666	NA	NA	NA	NA
HERVIP10B3-int_00079	1.2463010019804626	7.968556263812527	4.154909837979021	0.0023251406255289206	0.00685050761877497	-1.7112902349212513	NA	NA	NA	NA
HERVL74-int_00066	1.2767266301152247	8.361163593874029	4.153634753817015	0.002329633904027852	0.00685050761877497	-1.761786062928385	NA	NA	NA	NA
HERV30-int_00002	1.6090324280122228	11.07528123144192	4.11415278958197	0.0024734227136307043	0.007237502915746988	-2.0550782269903234	ENV | GAG | RT	0.349	HERV30	RT:0.35 | ENV:0.22 | GAG:0.22
MER34B-int_00625	-1.2652164539288002	7.925008619222411	-4.104884808139727	0.0025085207134654002	0.007304222077443371	-1.7801944535421992	NA	NA	NA	NA
PRIMA4-int_00023	1.0416608453172482	8.723145405561686	4.063686667944658	0.002671048699340338	0.007739526475161759	-1.9554215591298956	ENV | RNaseH | RT	0.48	PRIMA4	RNaseH:0.48 | RT:0.32 | ENV:0.11
Harlequin-int_00154	-1.2931489534100888	10.533469791477112	-4.055792463151388	0.0027034454518036067	0.007795371836754089	-2.1261579546436717	ENV | GAG	0.374	Harlequin	ENV:0.37 | GAG:0.11
HERVH-int_01253	-1.3212153395281352	7.470807467958706	-3.9756330237788946	0.003056976941443467	0.008772194701533426	-1.8927031562184915	AP | GAG | INT | RT	0.838	HERVH	AP:0.84 | RT:0.34 | INT:0.20 | GAG:0.13
HERVH-int_00248	-1.603940498842173	8.51783226616218	-3.9621618279282314	0.0031210384533559526	0.00891296558314152	-2.0734021894562167	AP | INT | RT	0.941	HERVH	AP:0.94 | RT:0.51 | INT:0.15
LTR25-int_00188	2.217305711291543	7.224326966955667	3.9557509050666217	0.0031520219861325923	0.008958378276376841	-1.8538758316307735	NA	NA	NA	NA
MER4-int_00629	1.0317368181506064	9.295835309390782	3.9149643945445756	0.0033569049281846623	0.009466717477333426	-2.267404739144556	NA	NA	NA	NA
HERV3-int_00053	1.1397098256194558	9.244027257613391	3.9138384408490037	0.0033627565449787086	0.009466717477333426	-2.261266786391074	NA	NA	NA	NA
HERV9N-int_00053	-0.8403438095374457	14.64192321255458	-3.8958938845486566	0.0034574821065422416	0.009687473449462695	-2.441768632849053	AP | GAG | RNaseH	0.886	HERV9N	RNaseH:0.89 | AP:0.41 | GAG:0.18
HERVL18-int_00089	-1.0873924256575154	9.30515828272384	-3.890908202171652	0.0034842973254924476	0.00971677282320429	-2.2945970339586967	INT | RT	0.356	HERVL18	INT:0.36 | RT:0.10
THE1-int_00108	-1.2653209474942329	10.385281316053067	-3.8869538156243153	0.0035057217667458836	0.009730835184332032	-2.39070111270063	NA	NA	NA	NA
HERV9NC-int_00004	-1.3921507832719442	7.274430545183755	-3.88362318646182	0.003523874564939353	0.009735727867785933	-1.9891666863558388	AP | ENV | GAG	0.956	HERV9NC	AP:0.96 | GAG:0.26 | ENV:0.17
HERVK9-int_00202	-0.9254045093889486	9.210566191467803	-3.8500022876655757	0.0037127669991302873	0.01021010924760829	-2.3537282891234694	AP | DUT | ENV | GAG | INT | RNaseH | RT	0.985	HERVK9	DUT:0.98 | RNaseH:0.96 | RT:0.73 | AP:0.52 | GAG:0.46 | INT:0.24 | ENV:0.06
HERV9NC-int_00041	-1.5774085861157459	7.514662959149584	-3.8243704711613953	0.003863931069677554	0.010566965086258642	-2.1233981281618037	AP | ENV | GAG | RNaseH | RT	0.956	HERV9NC	AP:0.96 | RNaseH:0.63 | RT:0.48 | ENV:0.47 | GAG:0.06
HERVIP10FH-int_00326	-1.089282736124963	8.688421485282786	-3.8220203533462453	0.003878111765663946	0.010566965086258642	-2.330971703243458	ENV | INT | RNaseH	0.429	HERVIP10FH	RNaseH:0.43 | ENV:0.35 | INT:0.18
Harlequin-int_00160	0.8066412654718494	10.585030739349541	3.755054425103396	0.004306093517231925	0.01167954132071125	-2.632888371489667	ENV | GAG	0.243	Harlequin	ENV:0.24 | GAG:0.10
LTR53-int_00245	1.3843625943618125	7.121363417697355	3.748390352803118	0.004351322388769747	0.011748570449678317	-2.210397822732304	NA	NA	NA	NA
HERVK3-int_00062	1.3253866769414486	9.198639348057965	3.7320157541719365	0.004464590501669725	0.011999849583673379	-2.5477932143268145	ENV | INT | RNaseH | RT	0.688	HERVK3	INT:0.69 | ENV:0.33 | RNaseH:0.23 | RT:0.13
HERVL-int_00298	1.6041455825686697	6.709214743327399	3.717556557530465	0.004567185711450141	0.012201747543673928	-2.18005623020985	DUT | INT | RT	0.351	HERVL	DUT:0.35 | INT:0.21 | RT:0.16
HERVH-int_00887	-1.769245661669318	6.54925541908454	-3.7156648052656633	0.004580790744510582	0.012201747543673928	-2.167901378249714	INT | RT	0.34	HERVH	RT:0.34 | INT:0.20
HERVK13-int_00026	0.8778435140978392	13.052234580654563	3.687132282619958	0.00479123289097474	0.012705322934102658	-2.767086208443449	NA	NA	NA	NA
Harlequin-int_00167	0.8103946801911366	11.056311879389499	3.6760561189773817	0.004875638403236822	0.01287168538454521	-2.7688066475949	ENV | GAG	0.332	Harlequin	ENV:0.33 | GAG:0.10
ERVL40-int_00155	0.9842314530558443	8.912301851286697	3.669513945437946	0.004926224495978799	0.01293544574039525	-2.6166210472484996	NA	NA	NA	NA
HERVL-int_01459	1.0369852741052512	10.985537373021451	3.667315906477745	0.0049433437425416196	0.01293544574039525	-2.7810727667360533	NA	NA	NA	NA
HERV17-int_00017	-1.7155140451132984	7.6221313281110605	-3.661549959459552	0.004988548592945844	0.012996481860569436	-2.4032328883963165	NA	NA	NA	NA
MER50-int_00319	1.4130930848741365	6.782749831431444	3.650202158769884	0.005078786007393837	0.013173794272453883	-2.30312391037351	NA	NA	NA	NA
HERVL18-int_00080	3.345611054176244	8.958747255374366	3.6353611968330974	0.005199391372030674	0.013427993369505306	-2.6190875580597233	INT | RT	0.377	HERVL18	RT:0.38 | INT:0.17
HERVH-int_01387	-1.0139371295241864	9.262818929147677	-3.610486503676009	0.005408314892427742	0.013907095437671338	-2.7478424538697164	AP | INT | RT	0.441	HERVH	AP:0.44 | RT:0.40 | INT:0.19
HERVH-int_00893	-2.241665962962991	7.640296627336085	-3.5897108364105486	0.005589546485828971	0.014257323524668708	-2.4798142015532596	AP | GAG | INT | RT	0.985	HERVH	AP:0.98 | RT:0.40 | INT:0.21 | GAG:0.12
HERVL66-int_00038	1.4733182133293155	6.614616143012178	3.5893759685943474	0.005592519160349847	0.014257323524668708	-2.3779418633324676	ENV	0.082	HERVL66	ENV:0.08
HERVK9-int_00029	1.820525946149859	6.6763847776775584	3.5854761758559928	0.005627260348086045	0.014284583960526112	-2.386131748315961	AP | DUT | ENV | INT | RNaseH | RT	0.956	HERVK9	RNaseH:0.96 | AP:0.90 | DUT:0.42 | RT:0.38 | INT:0.26 | ENV:0.25
HERVE_a-int_00018	-0.8134841085352232	11.266203316693105	-3.580588646385775	0.005671119985443915	0.01433466072916462	-2.9256242444020835	ENV	0.215	HERVE_a	ENV:0.21
HERVH-int_00946	-1.804014172048726	6.482285904030508	-3.5778152586542378	0.005696166735095391	0.014336962036638399	-2.3841380873314213	AP | GAG | RT	0.794	HERVH	AP:0.79 | RT:0.34 | GAG:0.06
HERVK3-int_00083	1.0082608403680986	9.647791532567915	3.561582453756143	0.005845106869223044	0.014649761520331175	-2.8837992321395074	ENV	0.453	HERVK3	ENV:0.45
MER57-int_00379	-1.4120241511972655	7.248338021813382	-3.5324753356081016	0.0061224605676085874	0.015280426794787819	-2.547856211511167	NA	NA	NA	NA
MER4-int_00351	-0.9714325513631966	8.61722926422149	-3.527283143136884	0.0061733643733205305	0.015343006015700399	-2.8032296476815874	NA	NA	NA	NA
MER61-int_00032	-0.7785832325949925	10.982082382366709	-3.523999873063614	0.006205781343354729	0.015359308824802954	-3.014350664802194	NA	NA	NA	NA
HERVK-int_00139	-1.1048907335856293	8.987055344730619	-3.518868321049274	0.00625680377045979	0.015373381577349994	-2.8642172847648872	NA	NA	NA	NA
HERVK9-int_00154	1.259654977111048	7.951001944563389	3.5182251550924	0.006263229531512961	0.015373381577349994	-2.732573724413271	ENV | INT | RNaseH | RT	0.648	HERVK9	INT:0.65 | RNaseH:0.57 | RT:0.54 | ENV:0.44
HERVK-int_00015	0.9897847415766563	8.846006078440574	3.476617631704475	0.006693919873993344	0.016355282009931315	-2.9240463550736067	ENV	0.186	HERVK	ENV:0.19
HERVIP10FH-int_00250	-2.381255066034276	7.063643897711276	-3.474343672074505	0.006718331330678857	0.016355282009931315	-2.5933759289532663	ENV	0.215	HERVIP10FH	ENV:0.21
ERVL-E-int_00068	-1.8527795398217803	6.102273865456321	-3.4399524172118006	0.007099064667128554	0.017211609846017804	-2.5785065519666617	NA	NA	NA	NA
MER21-int_00199	1.187770804407594	8.101408382453688	3.4293257929069236	0.007221204254386434	0.01743656637034773	-2.89710880933882	NA	NA	NA	NA
HERVIP10B3-int_00081	0.9425670855615541	10.062182641351257	3.41454057747407	0.007394794629533534	0.01762700307276564	-3.165843433543407	ENV | INT | RNaseH | RT	0.571	HERVIP10B3	RNaseH:0.57 | RT:0.40 | ENV:0.36 | INT:0.29
HERVIP10F-int_00098	1.701422541473077	6.526620880236367	3.413119254423813	0.007411709515296991	0.01762700307276564	-2.654375293322934	AP | ENV | GAG | INT | RNaseH | RT	0.571	HERVIP10F	RNaseH:0.57 | RT:0.51 | INT:0.44 | AP:0.31 | ENV:0.26 | GAG:0.05
Harlequin-int_00134	-0.6992341835720869	12.360013427936776	-3.412528804113647	0.007418748187385892	0.01762700307276564	-3.21097716527086	ENV | GAG	0.262	Harlequin	ENV:0.26 | GAG:0.10
MER4-int_00631	0.9357725239298504	9.434425048883433	3.4125267792867695	0.007418772337022575	0.01762700307276564	-3.1071763487486495	NA	NA	NA	NA
MER4-int_00349	-0.8625420595315362	11.770180031266575	-3.399526461929624	0.00757552388712807	0.01792773382053416	-3.2289657229957394	NA	NA	NA	NA
HERVK9-int_00236	0.9347252455493439	9.162717488110344	3.3610406747937835	0.008060088378458029	0.018998779749222497	-3.158155502027059	NA	NA	NA	NA
LTR57-int_00230	-1.5164160150148152	6.328724221882981	-3.3532651987183524	0.00816184031462904	0.019162581608259486	-2.737018689847148	NA	NA	NA	NA
MER51-int_00285	0.9006089713156368	8.893508630858545	3.3412273520294744	0.008322011352297914	0.019461711587657325	-3.1547153832510144	NA	NA	NA	NA
MER57-int_00785	1.259389636253319	6.686231167709993	3.3310209129778214	0.00846037121200684	0.019696399902444678	-2.810325667575792	NA	NA	NA	NA
HERVE-int_00020	1.3021306773197587	6.616882033366346	3.328953715027596	0.00848868413304013	0.019696399902444678	-2.8025922574397018	AP | ENV | GAG | INT | RNaseH | RT	1	HERVE	AP:1.00 | RNaseH:0.48 | ENV:0.40 | RT:0.37 | GAG:0.27 | INT:0.23
HERV16-int_02155	0.9790004560313382	7.950502821374585	3.324849042326385	0.008545194848937758	0.01975037253022968	-3.0515522352328515	NA	NA	NA	NA
ERV3-16A3_I-int_01318	1.5025920008855174	6.670668208715479	3.2946928578209222	0.008972524275737227	0.020657672169720594	-2.861709133057244	NA	NA	NA	NA
MER57A-int_00210	1.025084483839468	7.4690639110780666	3.2696568764924305	0.009344115132161839	0.021430132774147227	-3.0771979293809233	NA	NA	NA	NA
PABL_A-int_00045	-1.527726450804277	7.065044036873385	-3.2565083746651666	0.009545620535956423	0.021808071532146596	-2.9575496466070943	NA	NA	NA	NA
HERVL-int_00873	1.272766017961954	8.027807493198836	3.2332568718921713	0.009913045117935315	0.022483326318806115	-3.2112254969765957	DUT | INT	0.299	HERVL	DUT:0.30 | INT:0.21
MER66-int_00181	1.3851212188595587	6.974821475292924	3.231333257057242	0.009944090746611147	0.022483326318806115	-3.017901039875275	NA	NA	NA	NA
PABL_A-int_00320	1.0005779083027249	8.203624035434608	3.2306749274942637	0.009954738757316513	0.022483326318806115	-3.2409771121865893	NA	NA	NA	NA
HERVS71-int_00035	0.6969304260039496	13.501443812595442	3.216708036826111	0.010183444260315087	0.022912749585708946	-3.5511609183146438	GAG | INT | RNaseH	0.65	HERVS71	RNaseH:0.65 | INT:0.58 | GAG:0.18
ERVL40-int_00339	1.0307291135986965	8.28263033420658	3.212337452709598	0.010256122733535582	0.022989195863094853	-3.2818289099983438	NA	NA	NA	NA
HERVL-int_00031	1.1585980345455444	7.718907231148941	3.1966379579412614	0.010521642224740117	0.023495697298855752	-3.2339188910701018	NA	NA	NA	NA
HERVL66-int_00025	1.3348760947610185	6.527723860030451	3.1941291699241274	0.010564726198996255	0.02350354817304785	-3.0106974704565888	RT	0.134	HERVL66	RT:0.13
HERVK22-int_00017	1.2246689293475226	6.216370375994955	3.1897938415068263	0.01063960788124456	0.023581817468131597	-2.9712393958570398	INT | RNaseH | RT	0.791	HERVK22	RT:0.79 | INT:0.30 | RNaseH:0.27
MER41-int_00478	0.8773690074726619	9.491319756060141	3.1546432115257192	0.011267351075324944	0.02488032170536437	-3.5440555569575354	NA	NA	NA	NA
MER4-int_01185	0.6473439026651459	10.02159212655769	3.134711061253761	0.011640170984042162	0.025608376164892758	-3.632143303529958	NA	NA	NA	NA
HERV3-int_00086	1.2532482045056514	6.883768505018027	3.1227070039762235	0.01187081343873171	0.026019421338031867	-3.1879836074148016	GAG	0.221	HERV3	GAG:0.22
MER101-int_00129	1.4644590905121748	7.7256818869472585	3.119025758370991	0.011942483228193492	0.026080275873334315	-3.359942941013036	NA	NA	NA	NA
ERVL-B4-int_01668	-1.1073048075071512	6.8878694658203345	-3.085375358994058	0.012618635744228451	0.027380692707868956	-3.2251652007354137	NA	NA	NA	NA
HERV9NC-int_00059	-1.6000947188183792	6.392474889675225	-3.084818467844411	0.012630151181744266	0.027380692707868956	-3.1802172568449527	NA	NA	NA	NA
ERVL-E-int_03424	-1.5334478107440028	7.090524055009983	-3.0632270667192367	0.013085053330553103	0.028263715193994704	-3.2777112829737045	NA	NA	NA	NA
HERVH-int_00198	-3.0002449441945953	6.241289629766221	-3.039178158533875	0.013611599977828528	0.029294530387065743	-3.244313735499987	AP | ENV | GAG | INT | RNaseH | RT	1	HERVH	RNaseH:1.00 | RT:0.73 | INT:0.60 | AP:0.43 | ENV:0.38 | GAG:0.17
MER101-int_00131	1.2536787327892216	6.376618177748903	3.0063397546401256	0.014365933090910095	0.030806369155236806	-3.2954810303187783	NA	NA	NA	NA
HERVH-int_01086	-2.0265510838782586	6.618951997098728	-2.97025576079016	0.015244394598778894	0.0325725553657362	-3.3842045509863907	AP | RT	0.838	HERVH	AP:0.84 | RT:0.43
HUERS-P3-int_00051	-1.5758469462894296	6.039528465442944	-2.964129783872848	0.015398905547619872	0.03278476664977134	-3.344288520378352	INT	0.224	HUERS-P3	INT:0.22
LOR1-int_00514	0.9356058119632129	7.411653816404473	2.9542126617973756	0.015652442109807544	0.033145325251910815	-3.5910065616302287	NA	NA	NA	NA
HERV4_I-int_00099	1.5767812513673058	6.121403291401966	2.9515646006062077	0.01572086065522248	0.033145325251910815	-3.3605323829069107	NA	NA	NA	NA
PRIMA41-int_00336	1.3204875868175832	7.035558617927071	2.9509933799713823	0.015735659463028368	0.033145325251910815	-3.4929609781726985	RNaseH	0.479	PRIMA41	RNaseH:0.48
HERVL-int_01173	1.3935734504842876	6.250131779784867	2.926724235358859	0.016377742671437014	0.03437589804534836	-3.4130788809770007	DUT | INT | RNaseH | RT	0.675	HERVL	RT:0.68 | RNaseH:0.37 | DUT:0.29 | INT:0.17
MER61-int_00159	1.2578004451101632	6.699229611767476	2.9182191605056413	0.01660904073062497	0.03471418425270695	-3.489586827736875	NA	NA	NA	NA
LTR37-int_00897	-1.2426253639480145	6.639012724814443	-2.916514637255465	0.016655795474783637	0.03471418425270695	-3.4740268813123163	NA	NA	NA	NA
ERVL-E-int_05074	-0.9964527394701994	7.015435511048649	-2.9024166941304967	0.017047686222559963	0.035321689285282204	-3.555392643540484	NA	NA	NA	NA
HERVK3-int_00133	-1.1067697976239228	6.856195833780157	-2.9017587599171146	0.017066203408882142	0.035321689285282204	-3.522656848943001	NA	NA	NA	NA
HERVH-int_00923	1.2336496519277058	6.7142982496463075	2.8727284929872656	0.01790399395678629	0.03692698753587172	-3.5669109972054076	ENV | INT | RNaseH | RT	0.424	HERVH	INT:0.42 | RNaseH:0.41 | RT:0.26 | ENV:0.08
LTR46-int_00031	1.1788175215171899	6.95558772979164	2.870526419514426	0.017969229476224237	0.03693329518642628	-3.623673729917178	AP | GAG | RT	0.985	LTR46	AP:0.98 | RT:0.34 | GAG:0.08
MER61-int_00209	0.9728419901764864	8.152793278731608	2.857724114710639	0.018353315896523864	0.03759265393977646	-3.8530316776359395	NA	NA	NA	NA
HERV17-int_00283	1.0670925852882724	8.57070061188091	2.849358087174519	0.01860881283675349	0.03798499939873392	-3.9263779513345423	NA	NA	NA	NA
MER51-int_00193	0.6064481701834723	10.585325579876272	2.8352537460576888	0.019047777516798224	0.038729347179608735	-4.161170832264398	NA	NA	NA	NA
HERVIP10F-int_00022	-1.2268218560426503	7.544104761768496	-2.8334753045611136	0.019103869905093197	0.038729347179608735	-3.78019399115215	ENV	0.294	HERVIP10F	ENV:0.29
Harlequin-int_00080	1.5992067471330662	6.613701886498223	2.822259670376385	0.01946150203825022	0.039160176932275914	-3.6290032978619275	ENV	0.176	Harlequin	ENV:0.18
ERVL40-int_00338	1.0142096327437908	8.962231016723852	2.8218453455068824	0.019474843120238592	0.039160176932275914	-4.027732665078817	NA	NA	NA	NA
HERVE-int_00172	0.7867047834958967	8.56609218140418	2.820625913462964	0.01951416224234625	0.039160176932275914	-3.975237456412442	ENV | INT | RNaseH	0.55	HERVE	RNaseH:0.55 | INT:0.46 | ENV:0.40
MER4B-int_00483	1.020292485435037	6.827775276496352	2.811059781538809	0.01982542129528305	0.0396508425905661	-3.7029288456823046	NA	NA	NA	NA
MER57A-int_00199	0.6316446033766289	9.641631173259285	2.8028527986392677	0.02009647217786995	0.04002024453781196	-4.15168182134779	NA	NA	NA	NA
ERVL-B4-int_00811	1.0752388572649723	8.165103701105101	2.8013992023947285	0.02014487056701309	0.04002024453781196	-3.9473052755573117	NA	NA	NA	NA
HERVIP10FH-int_00253	-1.4073583775750222	10.02280848062897	-2.7974470964581815	0.020277057201396113	0.0401485732587643	-4.161628106815085	RNaseH	0.45	HERVIP10FH	RNaseH:0.45
MLT1F-int_00093	0.6975568062516859	9.026267077080048	2.7574277180378735	0.021666167143858255	0.04275648931379337	-4.1452209851865565	NA	NA	NA	NA
ERV24B_Prim-int_00202	-0.7833235273590419	8.717748404878332	-2.7544269564684427	0.021774133490795412	0.04282726918388237	-4.102242686135551	NA	NA	NA	NA
HERVH-int_01249	-1.3044995078799715	8.06884050131956	-2.7493714852347275	0.021957260577950666	0.04304492667756665	-4.015086129506023	GAG | RT	0.248	HERVH	RT:0.25 | GAG:0.12
HERVK9-int_00153	1.1621187085374682	6.3197955855769905	2.739881343033616	0.022305246527829923	0.0435832777550361	-3.719728032902882	AP | DUT | GAG	0.922	HERVK9	AP:0.92 | DUT:0.72 | GAG:0.11
HERVK22-int_00100	0.5511093932077737	10.045343142618295	2.694702093511856	0.024039896719889195	0.04681868410365306	-4.368516221934472	DUT | ENV | GAG | INT | RNaseH | RT	0.795	HERVK22	RT:0.80 | RNaseH:0.75 | DUT:0.39 | INT:0.34 | GAG:0.33 | ENV:0.27
ERVL-E-int_03947	1.3249924758065625	6.688913087712847	2.6798696497394023	0.024638584431988162	0.04782784036797702	-3.8755908697115076	NA	NA	NA	NA
HERVK9-int_00147	0.5641668419502535	13.422609309255707	2.6469854076812798	0.0260200306030835	0.05034494520596612	-4.5010750333140654	AP | DUT | ENV | INT | RNaseH | RT	0.867	HERVK9	AP:0.87 | DUT:0.74 | RT:0.63 | INT:0.54 | RNaseH:0.54 | ENV:0.10
PABL_A-int_00044	-1.5256493990390574	6.7481196410681035	-2.6334646387023417	0.026610400524110595	0.051320058153641865	-3.9453338792804757	NA	NA	NA	NA
ERVL-E-int_00037	-0.6394006523316738	9.428475631058305	-2.618099416277497	0.02729766575096837	0.05238530757515654	-4.422352135338716	NA	NA	NA	NA
HERV9-int_00183	-1.2769134155248778	7.5786099876673205	-2.617184785740904	0.027339133582994155	0.05238530757515654	-4.145063221801484	AP | ENV | GAG | INT | RNaseH | RT	0.879	HERV9	RNaseH:0.88 | INT:0.56 | AP:0.40 | RT:0.27 | ENV:0.26 | GAG:0.15
HERVK9-int_00069	-0.7119486813579365	10.459482941539854	-2.61013113741078	0.027661065826232734	0.052718142849439625	-4.522588453601253	NA	NA	NA	NA
HERVL74-int_00064	0.8795112364995739	8.363435817370958	2.609493872617131	0.02769033765829152	0.052718142849439625	-4.29512024906917	NA	NA	NA	NA
HERVK22-int_00047	0.517178831876032	10.906768860921119	2.6021261618181732	0.02803102797253745	0.05319626394788257	-4.554833166000213	INT | RNaseH | RT	0.647	HERVK22	RNaseH:0.65 | INT:0.42 | RT:0.34
HERVE-int_00145	2.0244987425323773	7.4623678068850285	2.5886015954648687	0.028667395880207825	0.05423067883071162	-4.143277292085028	AP | ENV | GAG | INT | RNaseH | RT	0.657	HERVE	RNaseH:0.66 | RT:0.59 | AP:0.56 | ENV:0.35 | GAG:0.29 | INT:0.22
MER61-int_00460	-0.6541397841519454	8.677213255931488	-2.584971125912199	0.028840671170641034	0.05438526563606595	-4.377796437983591	NA	NA	NA	NA
HERVL18-int_00111	0.977905669220615	6.4641301754383145	2.582509263852836	0.028958767724025707	0.054435151987567314	-3.9961621566043277	ENV	0.094	HERVL18	ENV:0.09
ERVL-B4-int_01670	-1.0349054015207322	7.073773116823461	-2.5484345383199183	0.030643947114073963	0.05742115011280736	-4.145072447233228	RT	0.167	ERVL-B4	RT:0.17
HERV16-int_01450	1.2946850756638684	6.5673183594170395	2.544919917504795	0.030823249252865555	0.05757550332139038	-4.078189837043576	NA	NA	NA	NA
HERVK9-int_00096	1.0438308330116397	6.692770433770363	2.535143846200794	0.03132751737393051	0.05833399786869819	-4.122399084702403	AP | DUT | ENV | GAG | RNaseH | RT	0.985	HERVK9	DUT:0.98 | AP:0.80 | RT:0.65 | GAG:0.63 | RNaseH:0.48 | ENV:0.20
HERV9NC-int_00007	-1.37636269170058	6.520330735309361	-2.5315635350263346	0.03151425059542689	0.05849832766776116	-4.0942890319471505	AP | ENV | GAG | RNaseH | RT	0.529	HERV9NC	RNaseH:0.53 | RT:0.44 | AP:0.41 | ENV:0.28 | GAG:0.20
HERVH-int_00989	-1.90056909955451	8.172893195561677	-2.5215083956587216	0.03204464483032676	0.05900725833534649	-4.393560951777166	INT | RT	0.361	HERVH	RT:0.36 | INT:0.15
MLT-int_00286	-0.6620324297147607	12.756940899474904	-2.5212963848228713	0.032055923457123256	0.05900725833534649	-4.699946895820824	NA	NA	NA	NA
HERV9-int_00086	1.0160408902613176	7.510874846130427	2.5207231496488025	0.03208643845507898	0.05900725833534649	-4.320125406410899	NA	NA	NA	NA
HERV16-int_00533	-1.2839638808944869	9.18922999932074	-2.5124466891687525	0.032530261348313175	0.059638812471907485	-4.553450571438269	NA	NA	NA	NA
HERVK9-int_00064	-1.8985196384181786	7.300605953262538	-2.500281621929327	0.0331937410957168	0.06066794526417163	-4.222238161321496	AP | DUT | GAG | INT | RNaseH | RT	1	HERVK9	INT:1.00 | DUT:0.98 | AP:0.93 | RT:0.57 | RNaseH:0.52 | GAG:0.32
MER57-int_00687	0.7466898719335131	8.685349648083381	2.4950851458601733	0.03348124890745359	0.06087933119596377	-4.529440256625235	NA	NA	NA	NA
ERVL-E-int_06624	-1.4054640717059914	5.964387202906382	-2.494489197894555	0.03351437929474773	0.06087933119596377	-4.094855814021162	NA	NA	NA	NA
HERV-Fc2-int_00020	-1.2907411443944128	7.583477087821617	-2.4888090954785382	0.03383179438683061	0.06126855446883348	-4.351699690314119	AP | ENV | GAG | INT | RNaseH | RT	0.879	HERV-Fc2	RNaseH:0.88 | AP:0.84 | RT:0.50 | ENV:0.33 | INT:0.27 | GAG:0.20
MER34B-int_00442	-1.183311656577262	6.496434053628261	-2.4851998175625525	0.03403504069349243	0.061449283197369316	-4.1668164900388085	NA	NA	NA	NA
HERVE_a-int_00111	-1.4209044528048376	7.422641140640158	-2.4831144974641424	0.03415302290731368	0.061475441233164625	-4.305463458141563	ENV	0.374	HERVE_a	ENV:0.37
MER21-int_00548	0.9436564001661262	7.316760220901809	2.465355246498453	0.03517442067391235	0.06312267637554059	-4.37790060773791	NA	NA	NA	NA
HERVH-int_00914	-1.2032409865691156	7.786903165272077	-2.4589372786505352	0.03555096120931305	0.06360623782630107	-4.451738143108998	AP | GAG | INT | RT	0.985	HERVH	AP:0.98 | RT:0.50 | GAG:0.13 | INT:0.13
HERVIP10FH-int_00105	0.6953924196800674	8.063187731155308	2.4510239103705618	0.0360207512652436	0.06425323198665076	-4.512500404504123	NA	NA	NA	NA
HERVK9-int_00116	0.8302580432466433	8.56157337299592	2.4405748925852535	0.03665052546351797	0.06518087462673555	-4.600432126598959	AP | DUT | ENV | INT | RNaseH | RT	0.789	HERVK9	AP:0.79 | RNaseH:0.68 | DUT:0.52 | INT:0.47 | RT:0.22 | ENV:0.14
HERVIP10FH-int_00251	-1.8677343252842218	8.046309550915876	-2.4313541075759963	0.0372153356430396	0.06598778917004634	-4.517491287177698	INT	0.125	HERVIP10FH	INT:0.12
HERVK9-int_00032	-0.5627832681536683	10.907925151148179	-2.4165062902922463	0.03814300391176027	0.06743138191543334	-4.855094373044608	AP | DUT | ENV | GAG | INT | RNaseH | RT	0.724	HERVK9	DUT:0.72 | RNaseH:0.62 | AP:0.49 | GAG:0.43 | INT:0.35 | RT:0.32 | ENV:0.23
MLT-int_00346	0.8508922734337356	6.651679007072702	2.4135993911981735	0.03832728477171415	0.06755610431572168	-4.313345374086437	NA	NA	NA	NA
HERVH-int_00629	-0.7437924365407897	8.722432747670819	-2.410046988624934	0.03855368362664983	0.06775410672849112	-4.6696452897506004	INT	0.149	HERVH	INT:0.15
MER4-int_00212	0.6973658686839947	7.655671019018532	2.4076018883258716	0.03871028112936574	0.06782863419127802	-4.5255716819590095	NA	NA	NA	NA
MER61-int_00405	0.7534350341319687	9.493153132156007	2.3966098864084087	0.039422075424348675	0.0687814670471859	-4.802569569299454	NA	NA	NA	NA
HERV3-int_00118	-0.7312053698196708	9.781720864991483	-2.395637582971154	0.03948565700856969	0.0687814670471859	-4.823877268272733	GAG | INT | RNaseH | RT	0.899	HERV3	INT:0.90 | RT:0.89 | RNaseH:0.67 | GAG:0.16
HERV9NC-int_00031	-1.5671143762872892	6.272652944452568	-2.3860312896090345	0.04011931028265738	0.06962323176189147	-4.308216966041677	AP | ENV | GAG | RNaseH | RT	0.956	HERV9NC	AP:0.96 | RNaseH:0.64 | RT:0.62 | ENV:0.17 | GAG:0.07
ERVL40-int_00870	0.5068518033441738	10.794918091718067	2.3847690453799366	0.04020331396351646	0.06962323176189147	-4.910382200214494	NA	NA	NA	NA
HERVE-int_00156	-1.1563565999201006	8.608618917779758	-2.3803467900864157	0.040498992139298945	0.06993139921727783	-4.694146681725087	AP | ENV | GAG | INT | RNaseH | RT	0.657	HERVE	RNaseH:0.66 | RT:0.59 | AP:0.56 | ENV:0.35 | GAG:0.29 | INT:0.22
ERVL-B4-int_01438	1.2352826902952592	6.391167438176001	2.375090542392944	0.040853225224455954	0.07033859647341112	-4.322759506336923	NA	NA	NA	NA
LTR49-int_01058	-0.8614138551437797	8.025961925322328	-2.3661504900223442	0.041462754699372203	0.07109602074922775	-4.639535580803996	NA	NA	NA	NA
HUERS-P1-int_00316	0.704748233032246	8.733187176205812	2.36307309261861	0.04167463850646733	0.07109602074922775	-4.751082502067852	NA	NA	NA	NA
HERVIP10FH-int_00280	-1.4717033226565912	11.01507732645671	-2.3623837844427125	0.04172224462279828	0.07109602074922775	-4.9349012020940854	ENV | INT | RNaseH	0.407	HERVIP10FH	ENV:0.41 | RNaseH:0.28 | INT:0.17
HERV9NC-int_00052	-0.7765110436981056	14.094084412607412	-2.361665565495717	0.04177190444693684	0.07109602074922775	-4.975504621689387	NA	NA	NA	NA
HERVH-int_00513	-1.5170459689310172	8.730500658172351	-2.3572982617914042	0.04207512955023853	0.07140750557954767	-4.739835672477682	AP | GAG | INT | RT	0.838	HERVH	AP:0.84 | RT:0.34 | INT:0.20 | GAG:0.13
HERVH-int_00146	0.6086313060511592	8.80621614683699	2.3460498906488962	0.04286613284954285	0.07254268636076482	-4.7892347228634575	ENV | GAG | RNaseH | RT	0.707	HERVH	RNaseH:0.71 | RT:0.26 | GAG:0.12 | ENV:0.10
HERVH-int_00478	0.7752308536851175	6.928373814557757	2.3400042047298686	0.04329730574703725	0.07301677157861156	-4.505708684025977	ENV	0.123	HERVH	ENV:0.12
HERVK9-int_00209	0.9743838532273109	6.731859233221749	2.338682690612791	0.043392121830387	0.07301677157861156	-4.450975147442623	AP | DUT | ENV | GAG | INT | RNaseH | RT	0.746	HERVK9	DUT:0.75 | AP:0.70 | INT:0.67 | RNaseH:0.54 | RT:0.40 | ENV:0.23 | GAG:0.10
HERVH-int_00323	-0.5955031288002778	15.680381866205707	-2.3151200581394566	0.04511737468854084	0.07563630557555391	-5.064602002994874	AP | INT | RT	0.941	HERVH	AP:0.94 | RT:0.37 | INT:0.14
HERVH-int_00666	-1.8614159322053125	5.734415275587406	-2.3139669113855863	0.045203515958453934	0.07563630557555391	-4.3696717874742665	AP | GAG | RT	0.941	HERVH	AP:0.94 | RT:0.34 | GAG:0.13
HERVE-int_00114	0.7611498134880633	6.871125614861761	2.3026498697862037	0.04605752282255957	0.07684878808033817	-4.551476431283842	INT | RNaseH	0.418	HERVE	INT:0.42 | RNaseH:0.33
HERV3-int_00097	-0.4872670803903035	13.366516940382896	-2.293636720240447	0.04674897658246775	0.07778401145654298	-5.078590598161352	NA	NA	NA	NA
ERVL-E-int_01022	0.9039670065871744	7.048531287541917	2.281783519854469	0.04767381279266256	0.07910124245486469	-4.615139804144739	NA	NA	NA	NA
MER34B-int_00440	-0.9425334564469555	6.3203356092912895	-2.2237859693337874	0.052463208143009116	0.08680541960152484	-4.56136866159498	NA	NA	NA	NA
MER21-int_00551	0.9124282294346066	6.584496026078149	2.215382404276277	0.05319499124488252	0.08777173555405615	-4.610861537743146	NA	NA	NA	NA
ERV3-16A3_I-int_02031	0.6671232785558372	8.032069989160016	2.2110159544924035	0.05357913432329546	0.08816068085328949	-4.893875107211532	NA	NA	NA	NA
HERV9-int_00075	0.6053124636523747	10.971928428179712	2.2061387798884184	0.05401139948838279	0.08862644004447341	-5.198904488234833	AP | ENV | GAG | INT | RNaseH | RT	0.956	HERV9	AP:0.96 | RNaseH:0.66 | INT:0.65 | RT:0.58 | ENV:0.28 | GAG:0.14
HERVH-int_00372	0.5839850731325543	8.600944450879016	2.199834224933408	0.05457520069166036	0.08930487385908059	-4.994192871557496	AP | GAG | INT | RT	0.838	HERVH	AP:0.84 | RT:0.37 | INT:0.16 | GAG:0.13
HERVIP10FH-int_00103	0.8856065927629265	7.691432582257473	2.192089679133344	0.05527560727083941	0.09020250197494123	-4.875978752373234	NA	NA	NA	NA
MER66-int_00016	-0.7582363170918257	9.955305174899546	-2.178332791694882	0.056541339264692826	0.0920152206115823	-5.18922198422159	NA	NA	NA	NA
HERVE_a-int_00112	-0.9471754871959548	7.632643399800342	-2.1702517833153316	0.05729790838365806	0.09299168737675652	-4.8938795234519885	INT | RNaseH | RT	1	HERVE_a	RNaseH:1.00 | INT:0.32 | RT:0.10
HERVH-int_01217	-0.5349571684883623	11.84495884816925	-2.1664696890490727	0.057655361122160784	0.0933168515165218	-5.26353605584441	AP | GAG | INT | RT	0.809	HERVH	AP:0.81 | RT:0.34 | INT:0.20 | GAG:0.12
ERVL47-int_00064	0.5103981047200352	11.293449318275695	2.1596712892142262	0.058303327861098674	0.09410917594970818	-5.271975813296496	NA	NA	NA	NA
ERVL-E-int_00230	0.9993981798333452	7.599073257224777	2.1535276671912227	0.058894945484032055	0.09480649760844186	-4.9236246042922645	NA	NA	NA	NA
HERVIP10F-int_00053	1.209931803719867	6.9831333776403275	2.147090701252546	0.059521039884743866	0.09555539916631853	-4.793010463915433	AP | GAG | RNaseH | RT	0.6	HERVIP10F	RNaseH:0.60 | RT:0.44 | AP:0.34 | GAG:0.17
ERVL-B4-int_00732	0.7632779192308707	7.45024355342333	2.1063890003675763	0.06363128332770228	0.10187865848155027	-4.97627409135555	NA	NA	NA	NA
MST-int_00449	-0.9348731727908519	6.785746121586286	-2.102457806564414	0.0640424555481352	0.10226134031073202	-4.805358260264106	NA	NA	NA	NA
MER4B-int_00138	0.5727385073447098	11.047479103744333	2.089771862616168	0.06538681025487246	0.1041280570814859	-5.382802142293176	NA	NA	NA	NA
ERVL-B4-int_01779	0.7775158293303428	6.767714027978319	2.0777669403696595	0.06668394013379464	0.10590978727132089	-4.877198564789442	NA	NA	NA	NA
HERVK9-int_00110	0.7544441828234196	7.394298847278929	2.0724931584071693	0.06726154773518662	0.10654229161253562	-5.020420181291286	AP | DUT | GAG | INT | RNaseH	0.922	HERVK9	AP:0.92 | DUT:0.57 | RNaseH:0.53 | INT:0.35 | GAG:0.07
HERVL-int_01457	3.2685351733507857	6.034499156792254	2.0523641846874483	0.06951056137247164	0.1098118974873621	-4.816169834818992	NA	NA	NA	NA
HERVS71-int_00060	0.9009501688693573	9.065462474906605	2.039732113048041	0.07095851710269534	0.11180201368435287	-5.310733642513672	AP | ENV | GAG | INT | RNaseH | RT	1	HERVS71	AP:1.00 | RT:0.75 | RNaseH:0.64 | GAG:0.51 | INT:0.46 | ENV:0.35
HERVH-int_00597	0.854470172373327	10.404899109991302	2.034694034866295	0.07154401351522675	0.11242451872545023	-5.453059181912602	GAG | INT | RT	0.374	HERVH	RT:0.37 | INT:0.18 | GAG:0.13
ERV3-16A3_I-int_02687	-0.7811641942989102	7.518440542687987	-2.0330835815246022	0.0717321424191004	0.11242451872545023	-5.090181011839608	NA	NA	NA	NA
HERVL74-int_00063	0.8543467192586738	7.202403015803048	2.029230145240151	0.07218420982021524	0.11283531745581014	-5.050889628512202	NA	NA	NA	NA
Harlequin-int_00089	0.45971925308519324	10.759702745770031	2.0240627006342065	0.07279470025849137	0.11330162283433397	-5.483341251351704	ENV | GAG	0.114	Harlequin	ENV:0.11 | GAG:0.07
LTR49-int_00652	0.6739667887763183	7.464940240041654	2.023478678527792	0.07286400660389827	0.11330162283433397	-5.106760223758403	NA	NA	NA	NA
HERV16-int_00626	0.6607585320681668	7.71865053249319	1.9874028073204058	0.0772691594209373	0.11983780860584009	-5.196603609130772	NA	NA	NA	NA
MER92-int_00191	0.765255902275948	7.006403475016013	1.9722628829860367	0.07919228516323851	0.12250056611188456	-5.099389465686454	NA	NA	NA	NA
ERV24_Prim-int_00311	-0.7288850788883287	7.699012627900373	-1.952739484728386	0.08173924543934251	0.12611197867784274	-5.246906333423509	NA	NA	NA	NA
HERVH-int_00507	0.6532729508546785	8.231758352808635	1.9509013333836196	0.08198299723850082	0.12616036362608674	-5.327812593008074	NA	NA	NA	NA
HERVK-int_00007	-0.5167656995948646	12.03740760338377	-1.938888045266282	0.08359304099179915	0.12830559780136613	-5.618227406777491	AP | DUT | ENV | GAG | INT | ORFX | RNaseH | RT	1	HERVK	AP:1.00 | DUT:1.00 | GAG:1.00 | INT:1.00 | RNaseH:1.00 | RT:1.00 | ENV:0.99 | ORFX:0.18
HERV15-int_00024	-0.6538410527198897	8.689192573679087	-1.9358108166677754	0.08401023568067538	0.1284906684096729	-5.412771292315785	ENV	0.29	HERV15	ENV:0.29
HERV3-int_00096	-0.5548927720093512	11.433493371142966	-1.9348107227000815	0.08414624581037501	0.1284906684096729	-5.622007544843124	AP | GAG | INT | RNaseH | RT	0.993	HERV3	RNaseH:0.99 | AP:0.54 | RT:0.37 | INT:0.31 | GAG:0.05
MER34B-int_00304	0.788228013249383	7.368956233889708	1.9261799572667897	0.08532866888997022	0.1299621264631854	-5.238996751772678	NA	NA	NA	NA
MER4-int_00355	-0.5317319277660187	10.07887168507808	-1.9051432771983496	0.08827662265300006	0.13410821958026095	-5.628106965367966	NA	NA	NA	NA
MER4-int_00208	0.6030713589957832	7.328730732824034	1.9024111711547644	0.0886664379681842	0.13435679630893219	-5.271744791192798	NA	NA	NA	NA
MER4-int_00354	-0.6751959915694526	8.24132274962327	-1.885291261158788	0.09114613726557584	0.1377628639586566	-5.420653674660904	NA	NA	NA	NA
HERVE-int_00174	0.6914833802721828	7.1458273749809855	1.874924156183267	0.09267919929897218	0.13970270130575038	-5.279001545029125	AP | GAG | RT	1	HERVE	AP:1.00 | RT:0.56 | GAG:0.29
ERVL-E-int_00403	0.7676729410276204	7.053791059502777	1.87344464613961	0.09289994447099563	0.13970270130575038	-5.256048033367511	NA	NA	NA	NA
Harlequin-int_00029	0.7372220223252577	9.497794134549757	1.8567709247464124	0.09542192669555394	0.1431328900433309	-5.649052682218031	ENV | INT	0.113	Harlequin	INT:0.11 | ENV:0.09
HERVK3-int_00084	0.35839711099325666	12.603128101541694	1.852192201981326	0.0961255934238714	0.1438251951984373	-5.755906996499001	NA	NA	NA	NA
HERVH-int_00523	0.539580540334491	8.994417789945958	1.8476151592084495	0.09683383940896857	0.14452085580132495	-5.59282197110837	ENV | GAG | RNaseH | RT	0.958	HERVH	RT:0.96 | RNaseH:0.41 | ENV:0.33 | GAG:0.11
MER101-int_00471	0.46513005458983536	10.19956036159913	1.8285070847739653	0.09984345978721063	0.14863913562306544	-5.757872785203535	NA	NA	NA	NA
ERVL-E-int_03843	0.6368422444818148	7.299730579437513	1.8261523729789229	0.10022030572605682	0.14882715400319438	-5.380409373178352	NA	NA	NA	NA
PRIMA4-int_00130	0.5165985211741814	8.104666458299725	1.824567461181604	0.10047469775277679	0.1488328440527417	-5.498366919389764	NA	NA	NA	NA
HERVL-int_01165	0.6328240776808358	7.669897188243128	1.8060062592608588	0.1034989106600399	0.15293122619916344	-5.460804514960332	DUT | INT | RT	0.467	HERVL	DUT:0.47 | RT:0.33 | INT:0.10
ERVL-E-int_00001	-0.5544004332895824	8.044937415496925	-1.7881194843455215	0.10649288038968222	0.15696469218727352	-5.5375643772753635	NA	NA	NA	NA
HERVH-int_00799	-0.5042497652547752	8.447749921454376	-1.7754873258742978	0.10865534474687684	0.15975563064268525	-5.6167513357244045	GAG | INT | RT	0.399	HERVH	RT:0.40 | INT:0.20 | GAG:0.12
HERVH-int_00226	-0.591436141820928	8.231754971232968	-1.7737881214571212	0.1089493003880196	0.15979230723576207	-5.585187285802781	AP | INT | RT	0.941	HERVH	AP:0.94 | RT:0.51 | INT:0.20
HERVK3-int_00082	0.3552638371427197	12.855688141370353	1.768306023106105	0.10990268975417192	0.16070346885330977	-5.883170622069617	INT	0.411	HERVK3	INT:0.41
HERV16-int_01094	-0.523040299869096	7.924579200640041	-1.767110417159	0.1101116360661567	0.16070346885330977	-5.552326801838389	NA	NA	NA	NA
LTR52-int_00097	0.5995335620264269	8.001838712354589	1.7648365435779674	0.11051003289744263	0.16088960671833558	-5.569593739769205	NA	NA	NA	NA
HERVK22-int_00118	-0.5712239088959131	7.28544474914304	-1.7494832703574137	0.11323494374782847	0.16445368358486578	-5.470651133444654	GAG | INT | RNaseH | RT	0.971	HERVK22	RNaseH:0.97 | RT:0.35 | INT:0.29 | GAG:0.17
HERV17-int_00344	-0.611424855032999	7.7618157907763985	-1.7390509489641295	0.11512157497254207	0.16664566188813468	-5.57214682155877	ENV | RT	0.954	HERV17	ENV:0.95 | RT:0.39
HERVS71-int_00025	0.6219903483813646	6.844602553237116	1.7380432506509147	0.11530533171047702	0.16664566188813468	-5.410982338485992	ENV | INT | RNaseH	0.386	HERVS71	RNaseH:0.39 | INT:0.27 | ENV:0.09
HERVL66-int_00005	-1.637737587015127	6.326182685817197	-1.731600374606065	0.11648658110249809	0.16794424557010645	-5.311046072835282	NA	NA	NA	NA
MER4-int_00356	-0.5125535509259368	8.82520421718928	-1.703270379969039	0.12181323711077584	0.17519869937966306	-5.776076976518256	NA	NA	NA	NA
HERVL-int_00032	0.37649798863006084	10.154140796350571	1.7005673690521905	0.1223329134938834	0.17552113675209355	-5.941403142787452	DUT | INT | RNaseH | RT	0.577	HERVL	DUT:0.58 | RT:0.44 | RNaseH:0.33 | INT:0.15
MER65-int_00470	0.5666069215822249	8.441641633048702	1.6983283840220726	0.12276490668747223	0.17571651704182772	-5.730365097847713	NA	NA	NA	NA
MER66-int_00393	-0.7493168880902278	6.691357816512811	-1.6640349251633395	0.12955729442959316	0.18475902860341759	-5.443931154668277	NA	NA	NA	NA
MLT1J-int_00304	0.4724755240222881	10.020705627036042	1.6633095965602283	0.1297045705852275	0.18475902860341759	-5.98509995259374	NA	NA	NA	NA
MER34B-int_00644	-0.3482522397543419	14.509393708657196	-1.6409517086089231	0.13431924567299652	0.19087471753531085	-6.081862819538566	NA	NA	NA	NA
LTR53-int_00002	0.43007869661312437	8.235310548981117	1.6194196141738828	0.13890296868177524	0.19691733507631143	-5.811887556886199	NA	NA	NA	NA
LTR37-int_00111	-0.3585837155359238	11.213845597517246	-1.6094634674040469	0.14106958700520678	0.1995127016216496	-6.094832469451143	NA	NA	NA	NA
ERV3-16A3_I-int_00152	0.5620799238076585	7.221237668590259	1.5989945731310704	0.1433804345376886	0.20229923542847275	-5.693071917696834	NA	NA	NA	NA
HERVH-int_01254	-0.5844035724833514	7.376924902622037	-1.5707567062919257	0.1497832153677462	0.21035572389436516	-5.7423725181088745	AP | GAG | RT	0.985	HERVH	AP:0.98 | RT:0.39 | GAG:0.12
ERVL-E-int_03077	0.6644087079128402	6.73859010499068	1.5706894145048789	0.14979877307629033	0.21035572389436516	-5.610072308043248	NA	NA	NA	NA
LTR37-int_00203	0.33172607503992274	10.76267131470228	1.5609100422117934	0.15207508690912822	0.21304858873590132	-6.160889391473473	NA	NA	NA	NA
MER61-int_00341	0.45738341254603954	7.528810634919058	1.5494653018927944	0.15477802702076657	0.21632505423608317	-5.802527929072597	NA	NA	NA	NA
HERV17-int_00129	0.5170738918347466	7.545796883649324	1.5186134058313372	0.1622774593149106	0.22627420383346689	-5.846295780133367	INT	0.131	HERV17	INT:0.13
MER65-int_00467	0.35563815003021026	10.821723342401857	1.4978343371598226	0.16750714967377778	0.23301931359771427	-6.246559715297464	NA	NA	NA	NA
PRIMA41-int_00233	0.5214357774163636	7.161970074327347	1.4951389852890782	0.16819624141655853	0.23343123224634527	-5.822816868400547	NA	NA	NA	NA
HERVIP10F-int_00062	0.42571607391035965	8.865007680456058	1.4805250974190163	0.17197579851402683	0.23812033640403715	-6.090081645110315	INT	0.125	HERVIP10F	INT:0.12
HERVH48-int_00021	0.46406856732486507	9.751235211890746	1.4648542654852745	0.17611092346605708	0.243278810555437	-6.231981955094435	GAG | INT | RNaseH | RT	0.771	HERVH48	RNaseH:0.77 | RT:0.34 | INT:0.24 | GAG:0.08
Harlequin-int_00036	-0.3337572755666745	11.547808076846048	-1.459707288959526	0.17748783708774907	0.244197807082852	-6.296932704994529	GAG	0.064	Harlequin	GAG:0.06
HERVK22-int_00018	0.6487378834572307	6.7238063715475995	1.4592954873269486	0.1775984051511651	0.244197807082852	-5.75365799788975	NA	NA	NA	NA
HERVE_a-int_00038	-0.5011137150022571	7.198457213845563	-1.4326839813248051	0.18487146210040128	0.2536111974310355	-5.887244635527942	AP | GAG | INT | RNaseH | RT	1	HERVE_a	AP:1.00 | RNaseH:0.66 | GAG:0.56 | RT:0.40 | INT:0.18
HERVH-int_00066	-0.40142483895889564	9.723357181789611	-1.4295061559355169	0.18575696368439104	0.25423879361412044	-6.267707385661807	AP | ENV | GAG | INT | RNaseH | RT	0.879	HERVH	RNaseH:0.88 | AP:0.41 | RT:0.26 | INT:0.16 | ENV:0.09 | GAG:0.08
ERVL-B4-int_01669	-0.9426298507187777	5.941401435149767	-1.4274395808512903	0.18633477768107898	0.2544433515920941	-5.650924270761871	NA	NA	NA	NA
HERVH48-int_00078	0.5628521840878268	8.202618407590966	1.4249470176641212	0.1870337601291082	0.254812049350207	-6.066448428235852	AP | GAG | INT | RNaseH | RT	0.857	HERVH48	RNaseH:0.86 | AP:0.78 | INT:0.26 | RT:0.18 | GAG:0.09
MER4-int_00399	-0.7421473254681035	6.8739162960269	-1.4171596876818433	0.18923211723890318	0.25721711130413843	-5.81066612115937	NA	NA	NA	NA
HERVH-int_00155	0.44634150252716537	7.33403125144151	1.4046263865088773	0.19281693476493206	0.26149145947572977	-5.968042825832938	ENV	0.278	HERVH	ENV:0.28
MER52-int_00059	-0.5749755122212374	6.908854040846481	-1.3887845460759978	0.1974312804593808	0.2671393635372943	-5.865908231314972	NA	NA	NA	NA
MER4-int_00691	0.5742738971458258	7.144963833686815	1.3805875130190919	0.19985571640148278	0.2692795050268253	-5.965074402974833	NA	NA	NA	NA
PABL_A-int_00247	0.4015859223094084	9.5942801523335	1.3803725625486665	0.19991963251991576	0.2692795050268253	-6.323459345266108	NA	NA	NA	NA
MER41-int_00163	-0.5166806982056377	6.571775087013146	-1.354026956705124	0.2078864460150965	0.2793768075406501	-5.834771337590987	NA	NA	NA	NA
HERVK-int_00036	0.8870890827689073	7.105361772748291	1.3481745213252911	0.2096922827917191	0.28116753042501386	-5.987818342105028	AP | DUT | ENV | GAG | INT | ORFX | RNaseH | RT	1	HERVK	DUT:1.00 | GAG:1.00 | INT:1.00 | RNaseH:1.00 | ENV:0.99 | AP:0.99 | RT:0.85 | ORFX:0.18
MER65-int_00469	0.5884298840535349	7.389236043252131	1.3396369059921054	0.2123504313740864	0.28409044197343997	-6.055293733756105	NA	NA	NA	NA
MER34B-int_00627	-0.5639715640390356	7.174166661995596	-1.3349993765363704	0.21380618226375445	0.28539521857229244	-6.0006631802965735	NA	NA	NA	NA
MER57A-int_00198	0.6805868074113447	6.346285205458422	1.3297240118925293	0.21547236498558842	0.28697440538439356	-5.8097487440116	NA	NA	NA	NA
HERVK11-int_00078	0.729524529636622	6.683595124745683	1.3199200432715403	0.21859787780086307	0.29048577050047575	-5.914534997204614	ENV | GAG | RT	0.554	HERVK11	ENV:0.55 | RT:0.55 | GAG:0.24
HERVK3-int_00081	0.2593088333984241	11.735826064700412	1.3168414313259282	0.21958715713161472	0.2911490431611142	-6.47693032435092	DUT | GAG | RT	0.603	HERVK3	GAG:0.60 | DUT:0.55 | RT:0.53
MER65-int_00341	1.0758109229735036	6.193809092722282	1.3102622900396024	0.22171387353544064	0.29331412222728676	-5.817559488099897	NA	NA	NA	NA
ERVL40-int_00427	0.6292365088406074	6.9388306735635	1.30266692759239	0.22419048493658753	0.2959314401162956	-6.016298182334076	NA	NA	NA	NA
THE1D-int_00140	0.42925062370914535	8.552332218941054	1.2941970838785053	0.22697942681839273	0.29894851337056605	-6.280316219149176	NA	NA	NA	NA
HERVIP10FH-int_00195	-0.5200897032453543	8.910992035912365	-1.250456002156915	0.24184495168132458	0.3178227904838646	-6.381966519431754	INT | RNaseH	0.45	HERVIP10FH	RNaseH:0.45 | INT:0.16
MER61-int_00231	0.47899178015411736	7.634746205127561	1.2471596627701684	0.24299700193913829	0.31863183035728065	-6.198706976200761	NA	NA	NA	NA
HERVH-int_01267	-0.5572450773276721	6.908932510023479	-1.2446136141611892	0.24388991089143242	0.3190982534570724	-6.044278182379725	AP | GAG | RT	0.838	HERVH	AP:0.84 | GAG:0.14 | RT:0.09
MER51-int_00378	0.5839191579821494	7.172059443508223	1.240405183643636	0.2453717226744028	0.3198414946176364	-6.1390962874024275	NA	NA	NA	NA
HERVL-int_00333	0.46407568898687435	7.717659717756614	1.2399430679265457	0.2455348847569734	0.3198414946176364	-6.218914114396959	DUT | INT	0.321	HERVL	DUT:0.32 | INT:0.24
LTR57-int_00154	-0.6382001855141292	6.414688727698481	-1.2108171087522117	0.25599887570866453	0.332229664854416	-5.9792129451149805	NA	NA	NA	NA
HERVL74-int_00007	-0.5243786259674578	7.740179309095666	-1.2103663783639644	0.2561636136419571	0.332229664854416	-6.258597277935705	NA	NA	NA	NA
MER70-int_00056	0.45993377575933575	8.338657144999134	1.2083363886594303	0.2569066228742428	0.33246739430784367	-6.3507059834482	NA	NA	NA	NA
HERVK13-int_00010	-0.2332970578921724	11.644490822249644	-1.1885712045395134	0.2642325736290624	0.34091193895570365	-6.629013003624104	AP | DUT | ENV | GAG | INT | RNaseH | RT	1	HERVK13	INT:1.00 | RT:1.00 | RNaseH:0.98 | ENV:0.97 | DUT:0.88 | GAG:0.64 | AP:0.56
ERVL-B4-int_00810	0.8800997829218745	6.437603442161252	1.1876454174431534	0.2645798044757229	0.34091193895570365	-6.001454027840382	NA	NA	NA	NA
MLT-int_00331	0.2882973953702278	10.382055098788069	1.174897079686523	0.26939869306737885	0.34636974822948713	-6.631695656871318	NA	NA	NA	NA
HERVH-int_00356	-0.6168697994521437	6.8027843978280025	-1.163566730038208	0.27374040254994453	0.35119179074442125	-6.10328758830134	AP | ENV | GAG | INT | RNaseH | RT	1	HERVH	RNaseH:1.00 | AP:0.98 | RT:0.33 | INT:0.27 | ENV:0.14 | GAG:0.12
HUERS-P3-int_00001	0.2974796261179376	9.849906184408756	1.1477249703473762	0.2799042721749948	0.3583257277412649	-6.6268911700438755	NA	NA	NA	NA
HERVK-int_00059	0.2492105611461931	9.950987092592289	1.1403368409497023	0.2828163701245526	0.3612751050623317	-6.643717493165838	AP | DUT | ENV | GAG | INT | ORFX | RNaseH | RT	1	HERVK	AP:1.00 | DUT:0.65 | RNaseH:0.60 | RT:0.58 | INT:0.43 | ENV:0.35 | GAG:0.32 | ORFX:0.18
MER51-int_00201	0.4795437258985025	7.30954244230541	1.1308880789477205	0.2865755728691528	0.36529161005209604	-6.288175812286179	NA	NA	NA	NA
HERV9NC-int_00062	-0.3092378270627654	11.856094897271856	-1.113747777104777	0.293495303697089	0.3725391979001538	-6.713378730039734	AP | ENV | GAG | RNaseH | RT	0.903	HERV9NC	RT:0.90 | RNaseH:0.51 | AP:0.38 | GAG:0.19 | ENV:0.14
HUERS-P3b-int_00258	0.23778916580822346	10.72048796500479	1.1136820166811519	0.2935221022061654	0.3725391979001538	-6.710825762448564	ENV	0.146	HUERS-P3b	ENV:0.15
MER66-int_00179	0.40923341971316746	7.363186273840883	1.1121599613116682	0.29414290204574434	0.3725391979001538	-6.316156826641731	NA	NA	NA	NA
ERVL-E-int_06623	-0.5549708389249024	6.813323047611704	-1.095986211153983	0.300803302235161	0.3801641734631609	-6.185578293057236	NA	NA	NA	NA
HUERS-P3-int_00203	0.3210234172276979	8.508204886788155	1.0705193171008782	0.3115276596788164	0.3928820166650041	-6.526670770097037	NA	NA	NA	NA
MER21-int_00549	0.853394809703726	6.0170809111057215	1.0584178787574834	0.31672594519415936	0.3985915496723107	-6.058096281621754	NA	NA	NA	NA
ERV3-16A3_I-int_02755	0.24326243640121517	9.187044200224788	1.053557987918253	0.31883218160811566	0.4003939024846104	-6.644096364696831	NA	NA	NA	NA
HERVH-int_00900	0.26281354019728875	14.04209825631776	1.0492496987057647	0.3207083025524336	0.40190027788216365	-6.807878573844376	GAG | INT | RT	0.332	HERVH	RT:0.33 | INT:0.19 | GAG:0.12
HERVH-int_00725	-0.4191731016393513	10.96110735001594	-1.0361529574995467	0.326463237885963	0.40825087011423583	-6.79178586034021	AP | INT | RT	0.838	HERVH	AP:0.84 | RT:0.37 | INT:0.20
HERVH-int_00896	-0.5472212045166666	7.083585184455252	-1.0233453066823561	0.33216663645447253	0.4138968673532475	-6.329533850886558	AP | INT | RT	0.794	HERVH	AP:0.79 | RT:0.36 | INT:0.20
HERVL66-int_00020	0.3771721767325565	6.971420123352436	1.0228878599540334	0.3323717268139715	0.4138968673532475	-6.33943865101931	DUT	0.412	HERVL66	DUT:0.41
HERVK3-int_00117	-0.2757926927539592	8.068141446218466	-1.0182712719510034	0.3344468648133947	0.4156097022994905	-6.511700647320065	AP | DUT | ENV | GAG | RT	0.844	HERVK3	AP:0.84 | RT:0.56 | DUT:0.55 | GAG:0.47 | ENV:0.31
MER61-int_00343	-0.3363718345664102	7.98509090233058	-0.9983988141864368	0.34349081539266235	0.42595729507983604	-6.518551267528552	NA	NA	NA	NA
LOR1-int_00619	0.4328397245831836	7.481384932300717	0.9901095584901979	0.34731679299072626	0.42980453132602375	-6.456200821050176	NA	NA	NA	NA
MER70-int_00150	0.2660724525736865	9.47067878166098	0.9853127008645627	0.34954525116205615	0.4316629504995038	-6.754020780735029	NA	NA	NA	NA
MER4B-int_00189	0.701144567445858	6.3835928022893595	0.9795440212096757	0.352239208302916	0.43343307602705494	-6.2036686719139595	NA	NA	NA	NA
HUERS-P3b-int_00159	0.22990095764481616	11.927146457824128	0.9791196227765341	0.35243800626442345	0.43343307602705494	-6.852208155560943	NA	NA	NA	NA
HERVL18-int_00138	0.35130050598776125	8.57211863214742	0.9599542749913486	0.3615020364808945	0.4436615902265524	-6.64683283069722	INT | RT	0.252	HERVL18	INT:0.25 | RT:0.10
HUERS-P1-int_00113	-0.2860603762727318	8.581298699316966	-0.9580615609004179	0.362406369761757	0.4438543992546055	-6.64838566651035	NA	NA	NA	NA
HERVH-int_00729	-0.3654642441491328	6.719201091016199	-0.953328796728639	0.36467491296319954	0.44571378251057725	-6.314429390006531	AP | GAG | INT | RT	0.838	HERVH	AP:0.84 | RT:0.33 | INT:0.19 | GAG:0.13
HERV3-int_00045	-0.4941820088603307	6.442828437400338	-0.936300059187801	0.3729229062686795	0.45485873988417996	-6.264137856682434	NA	NA	NA	NA
HERVK3-int_00080	0.3854807039153416	9.462744785391642	0.930775727567029	0.37562747614428493	0.4572186902248058	-6.80519080398111	ENV | INT | ORFX | RNaseH | RT	0.941	HERVK3	RNaseH:0.94 | RT:0.77 | ORFX:0.65 | INT:0.32 | ENV:0.18
HERV-Fc2-int_00039	0.17989587174576702	10.773588468612889	0.8958633671821334	0.3930465260291567	0.4774430193483008	-6.929180130309513	ENV | GAG | INT | RNaseH | RT	0.629	HERV-Fc2	RNaseH:0.63 | ENV:0.53 | RT:0.45 | INT:0.32 | GAG:0.08
Harlequin-int_00173	-0.23861636063800687	11.453531355329739	-0.8894692314560961	0.3962979586355866	0.4804101784276295	-6.93537430554974	NA	NA	NA	NA
PRIMA4-int_00041	0.2665961141097606	10.375076117374995	0.8833937307584653	0.3994049047275624	0.48319045500646046	-6.927748633730813	INT	0.251	PRIMA4	INT:0.25
HUERS-P3b-int_00160	0.21823457949065347	10.180365104982057	0.8700062100799585	0.4063114399633364	0.4901965273682428	-6.92919283984585	NA	NA	NA	NA
MER4-int_01601	0.2793197351931064	10.237108874015842	0.8683405628976879	0.4071765364249964	0.4901965273682428	-6.934044456702276	NA	NA	NA	NA
HERVIP10B3-int_00085	-0.285256545859581	7.452385688849306	-0.8673879837153815	0.40767185946113127	0.4901965273682428	-6.566826484046292	INT	0.176	HERVIP10B3	INT:0.18
HERVK11-int_00106	0.3148844471419125	7.861423039218794	0.8520306973692058	0.415715236781122	0.49885828413734634	-6.6381213253674405	ENV | GAG | INT | RNaseH | RT	0.441	HERVK11	RNaseH:0.44 | ENV:0.36 | RT:0.26 | GAG:0.17 | INT:0.10
MER41-int_00388	-0.41186273195757644	6.4641301754383145	-0.8404301843830314	0.4218631925368528	0.5052151942880858	-6.352255321455848	NA	NA	NA	NA
MER57A-int_00648	0.464195641348937	8.056882880013902	0.833698450555414	0.42545927145257767	0.5082947510336471	-6.6846360015279656	NA	NA	NA	NA
Harlequin-int_00079	-0.1960252435844202	9.368878707946298	-0.8324171485701382	0.42614610440194656	0.5082947510336471	-6.876961363894989	ENV | GAG	0.142	Harlequin	GAG:0.14 | ENV:0.09
HERV17-int_00246	-0.3918348634114601	6.605291877824166	-0.8016517821173168	0.44286411442952245	0.5271769217858444	-6.417952514185153	RNaseH	0.193	HERV17	RNaseH:0.19
LTR19-int_00048	-0.32909882736388646	7.126582854899617	-0.7961282571754413	0.44591153065972355	0.5297428984237516	-6.562457850252345	NA	NA	NA	NA
HERVK13-int_00014	0.2525565816938089	8.372545342380661	0.7918808647596175	0.44826435909722673	0.5314751083907239	-6.767754457510485	AP | DUT | ENV | GAG | INT | ORFX | RNaseH | RT	0.911	HERVK13	AP:0.91 | RT:0.84 | DUT:0.81 | ENV:0.57 | ORFX:0.39 | GAG:0.37 | RNaseH:0.35 | INT:0.27
HERVS71-int_00061	0.21099107473751016	9.362311766596484	0.7857136279906476	0.451695320996624	0.5344761367968022	-6.918323758957053	NA	NA	NA	NA
ERVL-int_00238	-0.20709901909218836	9.24881828382626	-0.7828236005405947	0.4533090629070905	0.5353192512262659	-6.901388809097465	NA	NA	NA	NA
HERV17-int_00263	-0.2831813797380813	10.460305411215966	-0.7778125498212215	0.45611614960678415	0.5373968087745182	-7.018366109358645	AP | GAG	0.353	HERV17	AP:0.35 | GAG:0.11
HERV9NC-int_00010	-0.21680163765881047	9.00647043220004	-0.7764564705192636	0.4568777583015685	0.5373968087745182	-6.871278306216588	AP | ENV | GAG | RNaseH | RT	0.668	HERV9NC	ENV:0.67 | RNaseH:0.64 | RT:0.50 | AP:0.35 | GAG:0.21
HERVK11-int_00041	0.2166759481064048	8.428898859209847	0.7617532746624858	0.46518895724726206	0.546091384594612	-6.800048793763611	NA	NA	NA	NA
HERVL-int_01454	-1.0034157166600697	6.7373695064191965	-0.7529097838713684	0.4702349246975417	0.5509261247935695	-6.465410144160805	NA	NA	NA	NA
HERVK9-int_00148	-0.6557595069486546	6.71681912324121	-0.7469684714200109	0.47364472816371017	0.5538286782071729	-6.480118132249587	AP | DUT | GAG | INT | RNaseH | RT	0.985	HERVK9	DUT:0.98 | RNaseH:0.95 | AP:0.91 | RT:0.42 | INT:0.36 | GAG:0.17
MER50-int_00267	-0.1952252792051764	9.427691143444585	-0.7407127820986195	0.4772520879848605	0.5569503737976564	-6.959457565718674	NA	NA	NA	NA
MER41-int_00296	-0.18156993885440031	9.760244278799792	-0.7153126505172237	0.4920787013261063	0.5731269580151122	-7.0189672270986145	NA	NA	NA	NA
ERVL-E-int_04475	0.2849778446434473	7.196755430076506	0.7056314295306959	0.49780520343807244	0.5786620173037477	-6.665199445811663	NA	NA	NA	NA
Harlequin-int_00064	-0.1745334052993899	12.643107716278978	-0.7029036195760802	0.4994261838132785	0.5786686062482775	-7.100026010064146	ENV | GAG	0.334	Harlequin	ENV:0.33 | GAG:0.12
HERVK9-int_00028	0.3388200097553835	6.594907231471232	0.7023438107642941	0.4997592508507851	0.5786686062482775	-6.500005726571083	AP | DUT | ENV | GAG | INT | RNaseH | RT	0.878	HERVK9	AP:0.88 | RT:0.82 | DUT:0.75 | GAG:0.57 | INT:0.39 | RNaseH:0.26 | ENV:0.14
MER68-int_00053	-0.16836394494719265	10.170154371631552	-0.6884811569394041	0.5080509020958086	0.587124972460915	-7.072924425826704	NA	NA	NA	NA
MER4-int_00885	0.1497745109974399	11.19847487907564	0.6848195306813507	0.5102550506839901	0.588527184672408	-7.102377152711802	NA	NA	NA	NA
ERV3-16A3_I-int_01403	0.28465113117595	6.885726441679102	0.6810583545602055	0.5125252010296353	0.5889591857738403	-6.610674589658047	NA	NA	NA	NA
HERVL-int_01466	0.16592254077195762	10.343618124365566	0.680913714864285	0.5126126246550091	0.5889591857738403	-7.089839968921393	INT | RNaseH	0.467	HERVL	INT:0.47 | RNaseH:0.32
HERV4_I-int_00036	-0.2157972589550297	7.766715741701307	-0.6739392627896883	0.5168389141901659	0.5926685618319663	-6.764234361690826	AP | INT | RNaseH | RT	0.493	HERV4_I	RNaseH:0.49 | AP:0.37 | INT:0.35 | RT:0.28
ERV3-16A3_I-int_02788	-0.1841583262722922	12.213125206603062	-0.6436053902066584	0.5354636897709733	0.6128428356916341	-7.135770671259476	NA	NA	NA	NA
HUERS-P2-int_00049	-0.5503286835250727	6.48985877771122	-0.6307186587183486	0.5434944847112919	0.6208379306125142	-6.519801981030247	NA	NA	NA	NA
HERVL-int_00426	-0.2930619945728016	7.968179320375854	-0.6241438922071372	0.5476186450315347	0.6243483208229013	-6.826963536158376	DUT | RT	0.179	HERVL	DUT:0.18 | RT:0.15
PRIMA4-int_00148	-0.2159251788672543	7.334358173833702	-0.6197524176452216	0.5503833416290858	0.6262982853020631	-6.739031903276274	NA	NA	NA	NA
HERV4_I-int_00145	0.17689597204575944	9.893357086879604	0.6138332533437106	0.5541224909500106	0.6293475327424595	-7.106088836203979	ENV	0.072	HERV4_I	ENV:0.07
HERV9NC-int_00011	0.22541649495821192	8.706177862902601	0.5854070319910597	0.5722800127857589	0.6477444426474246	-6.964380329214874	AP | ENV | GAG | RNaseH | RT	0.579	HERV9NC	RNaseH:0.58 | RT:0.51 | AP:0.40 | GAG:0.22 | ENV:0.15
MER61-int_00071	-0.1862579947727336	7.470705307212476	-0.5850635863646245	0.5725014013297944	0.6477444426474246	-6.782749046879937	NA	NA	NA	NA
HERVE_a-int_00120	-0.22516385882151674	7.410610803421761	-0.5736612309325398	0.5798783688501556	0.6548436332642442	-6.780185945392017	ENV	0.134	HERVE_a	ENV:0.13
HERVK3-int_00097	-0.22245513813348736	6.645411019671417	-0.5696191838767027	0.5825059172549218	0.6565626467730998	-6.598140788591477	AP | DUT | ENV | INT | RNaseH	0.767	HERVK3	AP:0.77 | DUT:0.69 | RNaseH:0.66 | INT:0.27 | ENV:0.18
MER57A-int_01220	-0.20013898423039414	7.201049661753952	-0.5562478071945538	0.5912440911729803	0.6651496025696028	-6.754156743354701	INT	0.189	MER57A	INT:0.19
LTR25-int_00061	-0.23997446834781191	7.588811553654563	-0.5497780840907522	0.5954972244463472	0.668667960909509	-6.820442825992267	NA	NA	NA	NA
HERVK-int_00144	-0.21232837678883118	6.818961420998992	-0.5469877688322693	0.5973365774510682	0.6694677868036499	-6.663284095893999	AP | DUT | ENV | GAG | INT | ORFX | RNaseH | RT	1	HERVK	AP:1.00 | DUT:1.00 | GAG:1.00 | INT:1.00 | RNaseH:1.00 | RT:1.00 | ENV:0.99 | ORFX:0.18
MLT-int_00078	0.17555771159922684	7.369797519614307	0.5412720178210977	0.6011137596832126	0.6724323413405429	-6.796396551698777	NA	NA	NA	NA
ERVL40-int_00425	0.291675372540196	7.1635841311787445	0.5248478274378359	0.612037157362541	0.6833647960025365	-6.776784560373327	NA	NA	NA	NA
MER61-int_00375	0.18373080124023847	7.50842145317787	0.517063493458941	0.6172500432982811	0.687892168328666	-6.8265590477652935	NA	NA	NA	NA
THE1-int_00030	0.19044678176165422	7.1882614563590455	0.5139451203811264	0.6193446702127117	0.6889339590006568	-6.786965823151455	NA	NA	NA	NA
LTR53-int_00152	0.2217571347900227	7.824742125397779	0.48569537664683604	0.6384832901430297	0.7088954660653451	-6.887994846542689	NA	NA	NA	NA
HERVK9-int_00113	0.15203949689090157	7.511784505135949	0.4807601411580464	0.6418564675861729	0.7113110853473632	-6.846422390928614	AP | DUT | GAG | INT | RNaseH | RT	0.985	HERVK9	DUT:0.98 | AP:0.90 | RNaseH:0.67 | INT:0.52 | GAG:0.42 | RT:0.17
LOR1-int_00618	-0.1257471455025931	8.377465103062576	-0.4483869444538221	0.6641950666050784	0.7346962189262879	-6.991463897335821	NA	NA	NA	NA
HERVK9-int_00068	0.10750247152952161	10.512907652910465	0.44608245791525303	0.6657989760337177	0.73510147168035	-7.237956391291962	AP | DUT | ENV | GAG | INT | RNaseH | RT	0.985	HERVK9	DUT:0.98 | AP:0.80 | RNaseH:0.53 | INT:0.35 | ENV:0.25 | RT:0.25 | GAG:0.17
HERVK13-int_00027	-0.1488229418241568	6.755426861613892	-0.42352804861102517	0.6815901118426881	0.7511401232552073	-6.7096372379572244	AP | DUT | GAG | RT	0.97	HERVK13	DUT:0.97 | AP:0.59 | RT:0.37 | GAG:0.22
HERV16-int_01471	0.12124042135256385	7.925202698465213	0.4173301866038713	0.6859586074273214	0.7545544681700536	-6.937313097504689	NA	NA	NA	NA
HERV17-int_00102	-0.1790271526046737	6.467499045586566	-0.4112469651296713	0.6902582683164223	0.757880612532264	-6.630776922666263	AP | ENV | GAG | INT | RNaseH | RT	0.993	HERV17	RNaseH:0.99 | RT:0.77 | ENV:0.49 | AP:0.40 | INT:0.35 | GAG:0.17
ERV3-16A3_I-int_02756	0.08449170847419045	10.46083094799925	0.4062537408587896	0.6937962772648598	0.7603597577404553	-7.254199936248748	NA	NA	NA	NA
HERVK9-int_00193	-0.10732125780097293	8.622371711983153	-0.4007977989873897	0.6976710906446261	0.7631982096554474	-7.049401555673003	AP | DUT | ENV | GAG | INT | RNaseH | RT	0.91	HERVK9	RT:0.91 | RNaseH:0.76 | INT:0.65 | AP:0.52 | GAG:0.45 | DUT:0.38 | ENV:0.08
MLT1-int_00253	0.15738607009070243	6.874451817792765	0.3987449994863176	0.6991313878216688	0.763389787437631	-6.766744981865905	NA	NA	NA	NA
HERV4_I-int_00037	0.1400366782231177	7.193805198714337	0.3953314354507926	0.7015625719466441	0.7646388398831313	-6.844973418776698	GAG	0.112	HERV4_I	GAG:0.11
HERVK11-int_00040	0.09458838306680947	10.716387163898984	0.3832996859738445	0.7101601021130695	0.7725917594416909	-7.271989883670227	ENV	0.27	HERVK11	ENV:0.27
MER4-int_00352	-0.12175742420100692	7.400302086339721	-0.37409060292418317	0.7167699906654819	0.7783571745069401	-6.881201061178111	NA	NA	NA	NA
ERV24B_Prim-int_00154	0.11951730104698115	8.481584520342073	0.36938816440240757	0.7201548379377318	0.7801094071019126	-7.042706605140017	INT	0.104	ERV24B_Prim	INT:0.10
THE1-int_00106	-0.18889918612750323	8.189220807612596	-0.3682012442222968	0.7210102095941918	0.7801094071019126	-6.997959769932501	NA	NA	NA	NA
HERVK3-int_00069	0.1145338972667291	7.7739971974489315	0.3612708279080353	0.7260128353878341	0.7840938622188609	-6.936761337438711	ENV | INT | RNaseH	0.676	HERVK3	RNaseH:0.68 | INT:0.19 | ENV:0.16
HERVIP10B3-int_00078	0.17813435838103797	7.5277893943095675	0.3585211421470708	0.7280014679596776	0.7848146496697795	-6.903533359290238	NA	NA	NA	NA
MER61-int_00072	0.13825958219509177	6.6469871670203435	0.3549278215351565	0.7306034647964748	0.7859461633533424	-6.711198763671284	NA	NA	NA	NA
HERV16-int_01145	-0.1514606241797255	6.6673668995490845	-0.3534186734107665	0.7316973540983138	0.7859461633533424	-6.711866864976733	NA	NA	NA	NA
Harlequin-int_00037	-0.18097753313447065	7.030154658788218	-0.3501826017106268	0.7340451330176649	0.7870447816109981	-6.8132635718656935	ENV	0.411	Harlequin	ENV:0.41
LTR53-int_00157	-0.12964000120129437	7.0263638527682994	-0.33213398943466144	0.7471922156795003	0.7996976146191409	-6.825641380770233	NA	NA	NA	NA
HERVK14-int_00020	-0.13620061948734263	7.03930786690813	-0.31456291782556567	0.7600746566847083	0.8105956435730612	-6.832512751050345	AP | DUT | GAG | RNaseH | RT	0.767	HERVK14	AP:0.77 | RT:0.56 | DUT:0.46 | GAG:0.46 | RNaseH:0.39
MER4-int_00497	0.13667766793324843	6.552359475085966	0.3145230241489321	0.7601039957410691	0.8105956435730612	-6.694270136150009	NA	NA	NA	NA
HERVS71-int_00063	0.2554252385426115	6.81959103501299	0.3109493703169192	0.7627338045993813	0.8119424371541801	-6.785263319768901	GAG | INT | RNaseH	0.251	HERVS71	INT:0.25 | RNaseH:0.24 | GAG:0.06
HERV9NC-int_00089	-0.12631437079939128	8.121357157110273	-0.2929847667924994	0.7760016595764506	0.824588525560665	-7.015080935658898	NA	NA	NA	NA
HERVK3-int_00076	0.08319284446189072	8.598106306028102	0.2819305861125191	0.7842042654933432	0.8318166673268677	-7.090467025559877	AP | DUT | GAG	0.689	HERVK3	AP:0.69 | DUT:0.46 | GAG:0.33
HERVL74-int_00138	0.10223341287420262	7.707291160616501	0.2592699473717639	0.8011061500829041	0.8482300412642514	-6.9613142322302295	NA	NA	NA	NA
Harlequin-int_00094	0.10106792455723715	6.9640532615053825	0.2499585765480246	0.8080834857967765	0.8535811500863136	-6.844699073767066	GAG	0.103	Harlequin	GAG:0.10
LOR1-int_00634	0.11127798415893422	7.154669716665446	0.2486919821943067	0.8090339856878697	0.8535811500863136	-6.888773699937148	NA	NA	NA	NA
HERV4_I-int_00038	0.0970831110864284	7.161570349729684	0.22979431681426937	0.8232537961850204	0.8670438917267766	-6.895284819403085	NA	NA	NA	NA
LTR25-int_00310	0.07998726237858449	6.652648301539143	0.2133521206885414	0.8356816216600238	0.8785750146301843	-6.755705195935545	NA	NA	NA	NA
PRIMA4-int_00057	-0.08368649503634018	6.987479191217768	-0.21076254019683605	0.8376434343949599	0.8790816254957706	-6.8534603538810455	NA	NA	NA	NA
MER50-int_00281	0.06672365212939824	7.913722927075409	0.2039486073957658	0.8428111368275217	0.8829450004859752	-7.0073051322287565	ENV	0.152	MER50	ENV:0.15
Harlequin-int_00026	0.0417577692552099	16.100899240042267	0.18420610265391724	0.8578277650714564	0.8970945289655724	-7.381315044027784	ENV	0.498	Harlequin	ENV:0.50
MER65-int_00416	0.05173195783810907	8.477862607472538	0.16640997298545807	0.8714158800547168	0.9097030452592298	-7.101362207759949	NA	NA	NA	NA
ERVL-E-int_02456	-0.05944355828207032	6.794237089602964	-0.16094175521081114	0.8756002572863624	0.9124676365405249	-6.807958907719541	NA	NA	NA	NA
LTR53-int_00001	0.03627963584483427	10.33431106289916	0.15247342015014229	0.8820883637590653	0.9176190684288701	-7.325675452262207	NA	NA	NA	NA
HERVK3-int_00078	0.08106297098875374	6.979605524785057	0.14903343950943893	0.8847266169847755	0.9187545637918824	-6.869101758810845	DUT | ENV | GAG | INT	0.493	HERVK3	DUT:0.49 | INT:0.39 | GAG:0.38 | ENV:0.36
MER57A-int_00647	0.07959109844313851	6.655625014330884	0.1364125708781393	0.8944185997143763	0.9251170867553693	-6.7719912582712665	NA	NA	NA	NA
HERVH-int_00611	-0.09614805324444362	6.120432936637984	-0.13271414771129997	0.89726231507046	0.9251170867553693	-6.633046567907281	AP | GAG | INT | RT	0.374	HERVH	RT:0.37 | AP:0.34 | INT:0.15 | GAG:0.13
HERV9N-int_00087	-0.08089710155277686	6.680968987200983	-0.1316532878715717	0.8980782964047607	0.9251170867553693	-6.774978937668201	GAG	0.191	HERV9N	GAG:0.19
LTR25-int_00143	-0.05435845417937703	7.100287051119913	-0.12746834866167311	0.901298445206853	0.9251170867553693	-6.896535704945436	RT	0.265	LTR25	RT:0.27
ERVL-E-int_05642	0.05161937050138966	6.509159516091957	0.1269374886367715	0.9017070585736082	0.9251170867553693	-6.724907317161674	NA	NA	NA	NA
ERVL-E-int_01646	-0.07296523920466653	6.4900412812622426	-0.1257162397135456	0.902647193242835	0.9251170867553693	-6.719262451776585	NA	NA	NA	NA
ERV3-16A3_I-int_00151	0.0453206146332298	7.470092818107123	0.12362509968722152	0.9042573523464477	0.9251170867553693	-6.958681907486497	NA	NA	NA	NA
HERVIP10B3-int_00054	-0.0412500047986389	6.839910713184757	-0.12341733261950467	0.9044173564074733	0.9251170867553693	-6.828852047172877	ENV | INT | RNaseH	0.993	HERVIP10B3	RNaseH:0.99 | ENV:0.33 | INT:0.15
HERVK3-int_00077	-0.025741013348640988	10.327543013254711	-0.12282906093737297	0.9048704165065145	0.9251170867553693	-7.329495133400651	ENV | INT | RT	0.605	HERVK3	INT:0.60 | RT:0.30 | ENV:0.09
PRIMAX-int_00099	0.04699831361962461	6.6066496664190595	0.11228743875600673	0.9129950715117352	0.928565693572933	-6.758013614508551	NA	NA	NA	NA
HERV3-int_00125	-0.038020537596049515	10.66558609112591	-0.11211896579967051	0.9131250063183046	0.928565693572933	-7.343706922641219	AP | ENV | GAG | INT | RNaseH | RT	0.8	HERV3	ENV:0.80 | RT:0.47 | RNaseH:0.46 | AP:0.41 | INT:0.40 | GAG:0.32
HERVK9-int_00160	0.03647831223053747	9.698867043107718	0.11203645933582324	0.9131886404386693	0.928565693572933	-7.282606429726791	AP | DUT | ENV | GAG | INT | RNaseH | RT	0.956	HERVK9	RNaseH:0.96 | AP:0.91 | DUT:0.75 | RT:0.57 | INT:0.44 | ENV:0.11 | GAG:0.09
MER4-int_00942	-0.033260043582359025	7.33730578327512	-0.1103408849640183	0.9144965163975856	0.928565693572933	-6.942721486156186	NA	NA	NA	NA
MER68-int_00052	0.02420527881418614	9.465350396343542	0.09795158532811199	0.9240609211300033	0.9366760872887746	-7.255758799112953	NA	NA	NA	NA
Harlequin-int_00195	-0.03276536962872996	8.599632249423596	-0.08487159902378669	0.9341724481254499	0.9453124943552251	-7.129961602008954	GAG	0.127	Harlequin	GAG:0.13
HERVK9-int_00264	-0.042111318234282824	6.761508726929075	-0.07292690778120545	0.9434172436163137	0.953043950183827	-6.807965776092339	NA	NA	NA	NA
MER41-int_00387	-0.025209304332636094	6.705556136056878	-0.049018214710417236	0.9619471269558802	0.9701130618196823	-6.794453852028153	NA	NA	NA	NA
LOR1-int_00616	0.01091148123764507	7.130023851139611	0.03152295432304712	0.9755223423711707	0.9821360531669074	-6.913809232492198	INT	0.257	LOR1	INT:0.26
MER68-int_00050	0.004684455133895615	9.75665383675163	0.018583167590587424	0.9855683933222885	0.9905712785675792	-7.295313239236216	NA	NA	NA	NA
HERVK-int_00092	-0.003964170778034946	10.314410794907381	-0.015671103611069073	0.9878296652778469	0.9911669276605423	-7.337107402701066	AP | DUT | ENV | GAG | INT | ORFX | RNaseH | RT	1	HERVK	RNaseH:1.00 | INT:1.00 | GAG:0.99 | AP:0.66 | DUT:0.55 | ENV:0.45 | RT:0.33 | ORFX:0.18
MER68-int_00051	-0.0019757415431396917	7.140275457349707	-0.005097020104031618	0.9960414430153282	0.9969428066991812	-6.916205927988245	NA	NA	NA	NA
HERV17-int_00262	-0.0016684100879721642	8.584779899587957	-0.003936420671471074	0.9969428066991812	0.9969428066991812	-7.131836239216583	NA	NA	NA	NA
