transcript	baseMean	log2FoldChange	lfcSE	stat	pvalue	padj	DomainType	Coverage_max	Subfamily_hits	Domains
HERVH-int_00033	191.8341071382162	2.6496602790569552	0.39184767990271285	6.761964954634432	1.3613263770951277e-11	1.4253087168185987e-8	NA	NA	NA	NA
HERVK3-int_00117	421.42934890246227	2.9167407081106576	0.4751472940217288	6.138603218010273	8.325021321545871e-10	3.443873054827167e-7	AP | DUT | ENV | GAG | RT	0.844	HERVK3	AP:0.84 | RT:0.56 | DUT:0.55 | GAG:0.47 | ENV:0.31
MER4B-int_00084	49.13504915708081	-3.7726650114647327	0.6173025215794132	-6.1115334533416386	9.86783110265664e-10	3.443873054827167e-7	NA	NA	NA	NA
HUERS-P3-int_00177	91.38100167640543	-2.572468676739632	0.42978252845028314	-5.985512454439415	2.1570961479447775e-9	5.646199167245455e-7	AP | GAG | RT	0.412	HUERS-P3	AP:0.41 | RT:0.41 | GAG:0.09
HERV35I-int_00158	568.6917122150445	3.1012336323450573	0.5283975493646215	5.869129476611268	4.380892256448178e-9	9.173588385002485e-7	NA	NA	NA	NA
HERVH-int_00304	22.853916682521938	8.01222081613668	1.376494640853661	5.820742470285056	5.8586782190143905e-9	1.022339349218011e-6	AP | GAG | RNaseH | RT	0.879	HERVH	RNaseH:0.88 | RT:0.64 | AP:0.47 | GAG:0.15
MER66-int_00274	690.8647197515342	4.7599484038957325	0.8365324950562082	5.690093848148604	1.2696956967810818e-8	1.8991019921854182e-6	ENV | GAG | INT	0.14	MER66	ENV:0.14 | GAG:0.12 | INT:0.11
HERVE_a-int_00149	1108.7010573285434	3.3982292554882583	0.6448513880267361	5.269786680442664	1.36582396471718e-7	1.6116468251445257e-5	ENV | GAG | INT | RNaseH | RT	0.993	HERVE_a	RNaseH:0.99 | RT:0.58 | INT:0.40 | GAG:0.33 | ENV:0.14
PRIMA41-int_00176	784.8377400940474	4.481522880502165	0.8508394829819732	5.267177852155593	1.3853697637345493e-7	1.6116468251445257e-5	ENV	0.324	PRIMA41	ENV:0.32
MER50-int_00226	1195.6713301991763	3.8480128721749005	0.7536223144690232	5.106023001569533	3.290096597410201e-7	3.4447311374884803e-5	ENV	0.653	MER50	ENV:0.65
HERVH-int_01349	14.235781671191777	4.062954866264517	0.8101181112077661	5.01526235502531	5.296114850354375e-7	4.620860206934192e-5	AP | ENV | GAG | RNaseH | RT	0.897	HERVH	AP:0.90 | RT:0.59 | RNaseH:0.36 | ENV:0.31 | GAG:0.09
HERVK3-int_00116	78.00251836935108	2.654153328293532	0.5275123645632851	5.031452353710879	4.86778092731134e-7	4.620860206934192e-5	NA	NA	NA	NA
HERV35I-int_00159	102.86374727564838	2.626610399530763	0.5290739468352396	4.964543076147205	6.88630013801556e-7	5.149968746073065e-5	ENV	0.186	HERV35I	ENV:0.19
MER51-int_00145	56.09640718101922	4.326674065409568	0.8707434864468112	4.968942211747295	6.73191271072119e-7	5.149968746073065e-5	NA	NA	NA	NA
LTR23-int_00045	33.78499657156846	-3.378209162501303	0.7043122125672927	-4.796465405856548	1.614898314796153e-6	1.1271990237277148e-4	NA	NA	NA	NA
MER52-int_00010	64.46334100836916	-3.104205963647727	0.6517199824801923	-4.7630977215618415	1.9064345862410706e-6	1.2475231323715006e-4	NA	NA	NA	NA
HERVH-int_00768	28.93802795686914	3.9191974449955698	0.8287053334482888	4.729301582611484	2.2529351305889003e-6	1.310457267625877e-4	AP | GAG | INT | RT	0.971	HERVH	AP:0.97 | RT:0.51 | INT:0.20 | GAG:0.13
HERVK3-int_00096	60.09593101233626	2.8085661857927615	0.5934468679996934	4.732632923414826	2.2162607518364966e-6	1.310457267625877e-4	DUT | GAG	0.507	HERVK3	DUT:0.51 | GAG:0.45
HERVH-int_00032	199.43774182489008	2.4628077458781874	0.5303697992333918	4.643567091184272	3.4244471980334532e-6	1.8870506401794871e-4	AP | INT | RNaseH | RT	0.75	HERVH	RNaseH:0.75 | AP:0.47 | INT:0.29 | RT:0.29
HERVK3-int_00095	190.2364600176333	3.0257637374754016	0.6556259291973237	4.615076376219309	3.92950782015837e-6	2.0570973438529066e-4	AP | DUT | ENV | INT | RNaseH | RT	0.833	HERVK3	AP:0.83 | RNaseH:0.65 | DUT:0.49 | INT:0.44 | RT:0.42 | ENV:0.11
HERVE_a-int_00080	64.00842887599867	-4.141134168443212	0.915299889819677	-4.524346844681753	6.058230402238653e-6	3.0204605862589856e-4	AP | ENV | GAG | INT | RNaseH | RT	1	HERVE_a	AP:1.00 | RNaseH:0.53 | ENV:0.43 | RT:0.32 | INT:0.25 | GAG:0.25
HERVH-int_00786	49.516931944931045	4.643977813576726	1.0356088196241238	4.484297280571893	7.315461514138428e-6	3.481494638774061e-4	AP | GAG | INT | RNaseH | RT	0.864	HERVH	RNaseH:0.86 | AP:0.72 | INT:0.23 | RT:0.20 | GAG:0.11
PRIMA41-int_00112	2154.3379694699847	2.5604760450803545	0.575933664161059	4.445782916353925	8.75723464273834e-6	3.98644550910741e-4	AP | INT | RNaseH | RT	0.864	PRIMA41	RNaseH:0.86 | INT:0.41 | AP:0.29 | RT:0.13
PRIMA41-int_00174	41.26968542572916	3.899063538382088	0.8892049683746213	4.384887261155536	1.1604586330368414e-5	5.062500786623221e-4	NA	NA	NA	NA
HERVL-int_00031	33.12160060034048	2.3824150614288047	0.5444759121279559	4.375611497885547	1.2109252412917637e-5	5.071354910529906e-4	NA	NA	NA	NA
HERVH-int_01368	11.918521943853595	-4.076687036655897	0.9449615197197778	-4.314130206979023	1.6023249330853732e-5	6.165906459419651e-4	AP | GAG | RT	0.794	HERVH	AP:0.79 | RT:0.37 | GAG:0.13
LTR25-int_00188	141.92833202945835	-1.9360376311011787	0.4486315175603268	-4.315429378723581	1.5929297232937715e-5	6.165906459419651e-4	NA	NA	NA	NA
MER51-int_00147	104.52402987875303	3.950774029165872	0.9171235935702656	4.307788019917713	1.648953016845752e-5	6.165906459419651e-4	NA	NA	NA	NA
HERVFH21-int_00085	20.853937138934608	3.5624433202959715	0.8423142034589887	4.229352070363637	2.3436532647101607e-5	8.461396441901857e-4	AP | GAG | INT | RNaseH | RT	0.983	HERVFH21	RT:0.98 | AP:0.84 | RNaseH:0.46 | INT:0.33 | GAG:0.09
HERVFH21-int_00084	10.077636721127366	4.310079517514212	1.0303707230172559	4.183037639979635	2.876397462293381e-5	0.00100386271434039	ENV	0.1	HERVFH21	ENV:0.10
HERV-Fc2-int_00049	13.973029425573143	3.4919492822494234	0.8557323918887376	4.080655722920731	4.4908830540967744e-5	0.0013434155878969494	AP | ENV | GAG | INT | RNaseH | RT	0.971	HERV-Fc2	AP:0.97 | RT:0.45 | INT:0.33 | RNaseH:0.28 | GAG:0.14 | ENV:0.10
HERV16-int_01094	41.58988822579816	2.3678183846968768	0.5771732026849901	4.102439915231453	4.088160395755652e-5	0.0013434155878969494	NA	NA	NA	NA
HERVH-int_00329	51.66921778535085	3.9044292963768146	0.9552347091277072	4.08740308436052	4.36228813512042e-5	0.0013434155878969494	AP | INT | RNaseH | RT	0.985	HERVH	AP:0.98 | RNaseH:0.55 | RT:0.51 | INT:0.20
HERVIP10FH-int_00328	1238.727522268146	5.209293339842314	1.2765790463859512	4.080666492678257	4.490674962458541e-5	0.0013434155878969494	NA	NA	NA	NA
MER50-int_00227	71.32293726165064	4.191026927324239	1.026408383756872	4.0831963121581225	4.442046731303171e-5	0.0013434155878969494	NA	NA	NA	NA
HERVE-int_00059	152.91851059173425	2.3552784180998767	0.5815351091298743	4.0501052836241955	5.1194594634820324e-5	0.0014889094606293576	AP | ENV | GAG | INT | RNaseH | RT	1	HERVE	AP:1.00 | RNaseH:1.00 | RT:1.00 | INT:0.62 | GAG:0.56 | ENV:0.49
HERVE_a-int_00094	23.42465005491592	3.40984897997322	0.8516923104544935	4.003616022027489	6.238158568812849e-5	0.001653077070899739	NA	NA	NA	NA
HERVH-int_00387	31.064729742071687	3.84737124217437	0.9589058214679727	4.012251418272229	6.014239617562495e-5	0.001653077070899739	AP | ENV | GAG | INT | RNaseH | RT	0.824	HERVH	AP:0.82 | RT:0.50 | RNaseH:0.43 | INT:0.18 | GAG:0.12 | ENV:0.09
MER31-int_00579	27.289831414853136	3.634124866012059	0.9047601616195236	4.016672064237404	5.902577141365845e-5	0.001653077070899739	NA	NA	NA	NA
MER66-int_00219	742.7520353269766	3.4190031560172383	0.8546007723931524	4.000702159960549	6.315480691116481e-5	0.001653077070899739	ENV	0.556	MER66	ENV:0.56
HERVIP10FH-int_00327	465.97763273116016	5.2503596468272375	1.3220964181764474	3.9712380841852664	7.150007946770526e-5	0.0018258678829923757	NA	NA	NA	NA
HERVK14C-int_00002	16.450210193597233	2.904376720355626	0.7423836081702638	3.912231747026282	9.144709224880993e-5	0.0022796453710596186	INT | RNaseH | RT	0.91	HERVK14C	RT:0.91 | RNaseH:0.48 | INT:0.32
HERV-Fc2-int_00010	8.382472010103175	3.599945246568623	0.9219024307431194	3.904909160144864	9.426078563481619e-5	0.0022951405246430827	NA	NA	NA	NA
HERVS71-int_00025	181.319049960827	-2.1388853146041504	0.5504984855893815	-3.8853609421181066	1.0217796626828647e-4	0.0024313711518839987	ENV | INT | RNaseH	0.386	HERVS71	RNaseH:0.39 | INT:0.27 | ENV:0.09
LTR43-int_00020	35.411080746154845	3.644594759546483	0.9465345150668725	3.850461553733192	1.1789543674751583e-4	0.002743033828325535	NA	NA	NA	NA
HERVK3-int_00038	87.257792699685	2.1896082041724414	0.571375717043431	3.8321688144230435	1.2701852852570975e-4	0.002891052160139524	AP | DUT | GAG | INT | RNaseH	0.811	HERVK3	AP:0.81 | DUT:0.69 | GAG:0.54 | RNaseH:0.40 | INT:0.29
MER50-int_00228	18.7838685182468	3.295817421236922	0.8642870062596928	3.8133367705017025	1.3710308816746114e-4	0.0030541900704538685	AP	0.516	MER50	AP:0.52
PRIMA41-int_00113	185.4592141037345	2.4845485644194145	0.6573040565854635	3.7799075473929777	1.5688660240252195e-4	0.00342208901490501	NA	NA	NA	NA
HERVIP10B3-int_00042	703.7931789638542	3.645507073586589	0.973009780855041	3.7466294227618837	1.7922655293240946e-4	0.0038295959371476064	ENV | GAG | INT	0.782	HERVIP10B3	ENV:0.78 | GAG:0.26 | INT:0.24
HERVK9-int_00163	9.74649947964722	3.1969076366266838	0.8552662958787933	3.7379090606415564	1.855570347966875e-4	0.0038855643086426364	AP | DUT | ENV | GAG | INT | RNaseH | RT	0.911	HERVK9	AP:0.91 | DUT:0.69 | RNaseH:0.52 | ENV:0.23 | GAG:0.22 | RT:0.20 | INT:0.15
MER65-int_00335	116.3208902096658	5.993596191444866	1.6522140115846873	3.627614915150266	2.8605147193438117e-4	0.00587246845324112	NA	NA	NA	NA
MER61-int_00404	17.528594182486778	3.9234501143524443	1.093780933816464	3.5870529399909965	3.3443644353596037e-4	0.006733749161195202	NA	NA	NA	NA
HERVE_a-int_00114	412.1194474742769	1.6698299376376728	0.4678142105145951	3.569429701164618	3.5775920135822743e-4	0.0070674317702276255	ENV | GAG	0.272	HERVE_a	ENV:0.27 | GAG:0.14
PABL_B-int_00230	144.367584348561	-1.4941308921933567	0.41975038672249554	-3.5595700193628486	3.714624866941148e-4	0.007202244880902559	GAG	0.313	PABL_B	GAG:0.31
HERVE_a-int_00014	455.3824107031408	1.2085689887703228	0.34058581244436265	3.5485006850300085	3.874309906164493e-4	0.007375277221371317	NA	NA	NA	NA
HERVL-int_00032	187.8426304335021	1.7101121654971871	0.4864610471918021	3.5154143900506862	4.390682946721258e-4	0.008209009009316353	DUT | INT | RNaseH | RT	0.577	HERVL	DUT:0.58 | RT:0.44 | RNaseH:0.33 | INT:0.15
HERVH-int_00707	47.77549840222231	3.750775503976147	1.0702527641481863	3.504569789138912	4.573456797208285e-4	0.008400718011714166	ENV | GAG | INT | RT	0.63	HERVH	RT:0.63 | ENV:0.13 | INT:0.10 | GAG:0.05
HERV3-int_00025	9.641265890580984	2.69868305954849	0.7822848865955909	3.449744595338959	5.611171511239743e-4	0.010129132021151744	ENV | INT	0.099	HERV3	ENV:0.10 | INT:0.10
Harlequin-int_00236	6.570105128460936	3.6498939465745432	1.0644650249283112	3.4288528613895544	6.061380387214258e-4	0.010756381805785302	ENV	0.277	Harlequin	ENV:0.28
HERVK-int_00077	38.18156678579876	-2.1824528298823407	0.6380806736744593	-3.420339966284264	6.254292208250204e-4	0.010838041573022521	AP | DUT | ENV | GAG | INT | ORFX | RNaseH | RT	1	HERVK	DUT:1.00 | GAG:1.00 | INT:1.00 | RNaseH:1.00 | ENV:0.99 | AP:0.82 | RT:0.59 | ORFX:0.18
PABL_B-int_00176	30.301328055591544	3.434529572903321	1.0049135899878123	3.4177362184394138	6.314427277501182e-4	0.010838041573022521	NA	NA	NA	NA
PRIMA41-int_00173	136.63216029477448	3.0629137493130276	0.9045954227058894	3.3859487594476487	7.093262702729693e-4	0.011978461370577401	RNaseH	0.493	PRIMA41	RNaseH:0.49
MLT-int_00054	47.399176336187445	1.7016131703139548	0.5043289604133301	3.3740143911612237	7.408049471684714e-4	0.012311472693418883	NA	NA	NA	NA
HERVH-int_00241	15.780991251643979	2.392033686020896	0.7169943135702614	3.336196174429618	8.493320796156178e-4	0.013894541989961746	AP | GAG | RT	0.824	HERVH	AP:0.82 | RT:0.37 | GAG:0.09
MER50-int_00113	346.062222060204	3.3079076411440833	0.9932849871039552	3.330270450164253	8.676166851850505e-4	0.013975302605980736	GAG	0.309	MER50	GAG:0.31
PABL_B-int_00232	167.68396116804098	-1.4851147822803894	0.4512651717555825	-3.2910024420957704	9.983104661685997e-4	0.015836834213310967	INT | RNaseH | RT	0.761	PABL_B	RT:0.76 | RNaseH:0.55 | INT:0.40
HERV17-int_00298	2237.559044064333	3.1535714884167056	0.9659849522051753	3.264617612539048	0.001096119452850057	0.016877015693147198	AP | ENV | GAG | INT | RNaseH | RT	0.993	HERV17	RNaseH:0.99 | ENV:0.95 | AP:0.41 | RT:0.35 | INT:0.26 | GAG:0.20
HERVH-int_00257	22.04026155499312	-3.075510860406404	0.9412895464849325	-3.2673377409653774	0.0010856407917956838	0.016877015693147198	AP | GAG | INT | RT	0.794	HERVH	AP:0.79 | RT:0.34 | INT:0.15 | GAG:0.13
HERVE_a-int_00091	31.966335708895446	1.7680954561155695	0.5610443485997271	3.151436175283541	0.001624696666141026	0.02465300593405296	AP | ENV | GAG | INT | RNaseH | RT	0.871	HERVE_a	RNaseH:0.87 | RT:0.57 | AP:0.40 | INT:0.39 | ENV:0.39 | GAG:0.18
HERV3-int_00040	31.36737984437752	2.92213863499344	0.931662122914021	3.136478947811761	0.0017098971227504677	0.02557517553599628	ENV | INT	0.215	HERV3	INT:0.21 | ENV:0.20
HERVP71A-int_00020	15.781831099817285	-1.6335109715710492	0.529678646454248	-3.0839660660402832	0.0020426089235330994	0.030121289337171196	AP | GAG	0.956	HERVP71A	AP:0.96 | GAG:0.07
HERVH-int_01170	19.240400653343396	-2.5124720853646587	0.815984156057981	-3.079069693586221	0.0020764809944028234	0.030166389306316776	AP | GAG | INT | RT	0.338	HERVH	AP:0.34 | INT:0.19 | RT:0.18 | GAG:0.09
HERVK3-int_00100	24.241239066269248	2.8623011452731135	0.9332040893603266	3.0671759563710275	0.0021609161394209723	0.030166389306316776	GAG | INT | RNaseH	0.494	HERVK3	INT:0.49 | GAG:0.47 | RNaseH:0.38
LTR25-int_00189	41.201012017720586	-1.5591567229376424	0.5080442506721756	-3.0689388195512035	0.0021482057942540434	0.030166389306316776	NA	NA	NA	NA
MER41-int_00491	42.860018363989916	1.6902364282472806	0.5501016486247743	3.07258927958639	0.002122103430397635	0.030166389306316776	NA	NA	NA	NA
HUERS-P3b-int_00100	19.53696514094673	-2.1721541614609743	0.7141135903574592	-3.041748806900136	0.0023520808784673964	0.032403008944149526	NA	NA	NA	NA
MER4-int_00349	31.630551302567728	-2.573651299760238	0.8473578702849682	-3.037266059610343	0.0023873463449623016	0.03246170939189	NA	NA	NA	NA
ERV3-16A3_I-int_01078	10.90606953991272	-2.01679144200123	0.6701707421280455	-3.009369575874283	0.002617904515343876	0.03469551933626631	NA	NA	NA	NA
HERVIP10FH-int_00195	30.846967546570394	2.8311797054528953	0.939976546409666	3.0119684541777856	0.002595595694206208	0.03469551933626631	INT | RNaseH	0.45	HERVIP10FH	RNaseH:0.45 | INT:0.16
HERVK13-int_00023	24.55445342221203	2.532050838782182	0.8470060093654419	2.9894130747421004	0.002795139670985636	0.03658139044402451	ENV	0.629	HERVK13	ENV:0.63
HERV35I-int_00160	30.86054361256323	2.1194261203927875	0.710944679312004	2.9811407020357765	0.0028717681509352944	0.037120262395422876	NA	NA	NA	NA
HERVK-int_00078	275.44953104449263	-2.243129969764676	0.7560718142142586	-2.9668213092903484	0.003008957789068264	0.038419253721396	NA	NA	NA	NA
PRIMA41-int_00175	76.38064342190415	3.5770324401633737	1.2145870758225175	2.945060515929671	0.0032289150207078796	0.04073101236965241	NA	NA	NA	NA
HERVE-int_00016	223.39769317208794	1.4925082260980942	0.5078906781174035	2.938640716207608	0.003296549741239681	0.04108913784616602	AP | ENV | GAG | INT | RNaseH | RT	1	HERVE	AP:1.00 | RT:0.75 | RNaseH:0.62 | ENV:0.62 | INT:0.41 | GAG:0.27
HERV9NC-int_00156	35.13413851376272	-2.2982623657467776	0.793532631454606	-2.8962417859664913	0.0037766129808473664	0.04557056010774001	AP | ENV | GAG | RNaseH | RT	0.971	HERV9NC	AP:0.97 | RT:0.75 | RNaseH:0.53 | GAG:0.24 | ENV:0.14
HERVH-int_00238	13.431283711571961	-1.9294684463793197	0.6659591223673024	-2.897277597941128	0.0037641652102798216	0.04557056010774001	AP | GAG | RT	0.412	HERVH	AP:0.41 | RT:0.36 | GAG:0.12
HERVIP10F-int_00022	18.216893609945693	1.5632105266555436	0.5398930882178401	2.895407555254361	0.0037866654530786825	0.04557056010774001	ENV	0.294	HERVIP10F	ENV:0.29
MER50-int_00167	283.31339169561005	1.4654820634307055	0.5148811006088857	2.8462533615968084	0.004423698266861167	0.05263195551595048	RNaseH | RT	0.403	MER50	RT:0.40 | RNaseH:0.26
PABL_B-int_00177	105.51707451485149	3.2520286565301464	1.1602605947442544	2.802843319217405	0.0050654271135098005	0.05958991222297484	ENV | GAG | INT | RNaseH | RT	0.706	PABL_B	RT:0.71 | RNaseH:0.57 | INT:0.21 | GAG:0.10 | ENV:0.09
HERVE-int_00068	36.19112480354431	1.9070201291941602	0.6830166240968827	2.792055217859029	0.005237441759028435	0.060719643765404	AP | GAG | INT | RNaseH | RT	0.971	HERVE	AP:0.97 | RNaseH:0.56 | INT:0.51 | RT:0.42 | GAG:0.18
HERVH48-int_00040	1012.3379556618024	1.4065424561979953	0.5042107876934322	2.789592151791077	0.005277447547900443	0.060719643765404	ENV	0.463	HERVH48	ENV:0.46
HERV1_I-int_00011	18.65679661452777	-1.591735441940004	0.5714561994252532	-2.7854023519928655	0.005346133958069283	0.06084132884889717	NA	NA	NA	NA
HERVK3-int_00071	95.6848660988434	2.1125698290733403	0.7622131460725895	2.7716260733085667	0.0055777068353405285	0.06279418340431756	GAG | GAGCOAT	0.528	HERVK3	GAG:0.53 | GAGCOAT:0.05
HERVE-int_00150	29.8489311000341	3.0443791905970534	1.1135486834484976	2.7339435049835954	0.006258078087917575	0.06932090818671909	AP | GAG | INT | RNaseH | RT	0.985	HERVE	AP:0.98 | RNaseH:0.54 | RT:0.42 | GAG:0.40 | INT:0.36
MLT1-int_00132	26.773904704473196	2.5099725121469	0.9186383374844881	2.732274944043779	0.006289862729453977	0.06932090818671909	NA	NA	NA	NA
HUERS-P1-int_00338	51.31024667228681	-1.7288101857022133	0.6441540995422136	-2.683845661978774	0.007278069591257625	0.07937644647965347	NA	NA	NA	NA
HERVE_a-int_00126	11865.740609331704	1.1131133216021556	0.4171703948038272	2.6682462021917757	0.0076248361334667215	0.08146125950754753	NA	NA	NA	NA
LTR37-int_00391	33.36443620042822	1.7104903632611597	0.6404083935206744	2.6709368280725694	0.007563988058599379	0.08146125950754753	NA	NA	NA	NA
MLT-int_00053	29.690763643699558	1.2160348496396876	0.4581903619436189	2.6539948253850936	0.007954504670521565	0.08412491303066746	NA	NA	NA	NA
HERVK-int_00079	6382.704107172918	-1.984468380598288	0.7517949526269732	-2.639640468007963	0.008299402147342243	0.08689474048267329	AP | DUT | ENV | GAG | INT | ORFX | RNaseH | RT	0.919	HERVK	GAG:0.92 | INT:0.70 | DUT:0.66 | RNaseH:0.61 | ENV:0.54 | RT:0.45 | AP:0.40 | ORFX:0.18
MER21-int_00229	15.394150768906606	2.3610278920164487	0.9061706654799077	2.6055002462102976	0.00917402076410337	0.09510098752491315	NA	NA	NA	NA
HERVH-int_01317	18.765611640246362	-1.794601451022234	0.6909959238582016	-2.5971230640580476	0.009400823633715649	0.09632274185706516	AP | GAG | INT | RT	0.838	HERVH	AP:0.84 | RT:0.43 | INT:0.20 | GAG:0.13
HERVH48-int_00043	167.7313312778064	1.3681016522652805	0.5273306367570303	2.594390609805663	0.009475876228536496	0.09632274185706516	NA	NA	NA	NA
HUERS-P1-int_00083	50.603632399872936	-1.1852014078544268	0.45802618070805495	-2.587628082792656	0.009663926012364623	0.09728971668217076	NA	NA	NA	NA
HERVE_a-int_00039	87.82782661410886	1.8322392183397245	0.7118678673754075	2.5738473420566446	0.010057463827362072	0.10028728216426752	NA	NA	NA	NA
MER34B-int_00654	54.30579102469169	0.9923154233400707	0.38605021773147646	2.5704309381591695	0.010157207665953514	0.1003263813797484	NA	NA	NA	NA
HERV4_I-int_00098	95.58479672038827	-0.9168488210348343	0.3584439155245309	-2.5578585137737893	0.010531893323901816	0.10048367907711576	INT	0.101	HERV4_I	INT:0.10
HERVE-int_00020	17.8986771445783	2.1165547570319387	0.8275939564545198	2.5574797163810046	0.01054337066219296	0.10048367907711576	AP | ENV | GAG | INT | RNaseH | RT	1	HERVE	AP:1.00 | RNaseH:0.48 | ENV:0.40 | RT:0.37 | GAG:0.27 | INT:0.23
HERVFH21-int_00030	110.93970290969027	1.7370137843778866	0.6793092306317438	2.5570295618719903	0.010557024544873672	0.10048367907711576	AP | GAG | INT | RT	0.941	HERVFH21	AP:0.94 | RT:0.28 | INT:0.20 | GAG:0.18
HERVH-int_01303	25.85090785707776	-1.197969327010834	0.46758175006237507	-2.562053217113426	0.010405537288367026	0.10048367907711576	ENV	0.298	HERVH	ENV:0.30
HUERS-P3b-int_00099	23.524822944992675	-1.8111441402991426	0.7099555679810491	-2.551066886410401	0.010739371318898234	0.10052731309580677	NA	NA	NA	NA
PABL_B-int_00063	267.0630186486211	1.7110394750834141	0.6708369303802169	2.5506041745698638	0.010753638077106359	0.10052731309580677	GAG | INT | RNaseH	0.943	PABL_B	RNaseH:0.94 | INT:0.17 | GAG:0.06
HERVK14C-int_00012	7.474036836570455	-1.7928678894457462	0.7066932623549352	-2.536981721703867	0.01118127919024053	0.10359999391311359	AP | DUT | ENV | GAG	0.99	HERVK14C	ENV:0.99 | DUT:0.81 | GAG:0.32 | AP:0.29
ERV3-16A3_I-int_01444	67.96278692585032	1.3462912764045294	0.5340954543175449	2.5206941297128056	0.011712361236555426	0.10756879135678535	NA	NA	NA	NA
MER89-int_00221	6.6373518358392545	1.8429666631298984	0.7363918675301449	2.5026982838786647	0.012325056435596893	0.11221160076582562	NA	NA	NA	NA
HERV-Fc2-int_00026	1260.3722215799075	1.040791588834671	0.4180437525508545	2.4896714338723673	0.012786123772933923	0.11531312858892101	AP | ENV | GAG | INT | RNaseH | RT	1	HERV-Fc2	RNaseH:1.00 | AP:0.81 | INT:0.44 | RT:0.34 | ENV:0.27 | GAG:0.12
PABL_A-int_00019	20.937476177781416	1.9168329681038934	0.7707706019840205	2.486904616198158	0.012885994312228996	0.11531312858892101	NA	NA	NA	NA
HERVH-int_01316	37.08092961530513	-2.0098048086740152	0.8118452603856688	-2.475600840139478	0.013301219362699252	0.11802014129445863	GAG | INT | RT	0.374	HERVH	RT:0.37 | GAG:0.12 | INT:0.09
LTR49-int_00377	22.589998334027715	-1.4581910423211533	0.5944824225871065	-2.4528749495658837	0.014171959606377583	0.12468942611661622	NA	NA	NA	NA
MER21-int_00237	24.88618497940214	1.4958672510200623	0.6155816615181687	2.4300061950040925	0.0150985647577901	0.13173497751171862	NA	NA	NA	NA
MER4-int_00811	7.801210083070495	-1.7060014866535516	0.7052694661215847	-2.4189356956500454	0.015565991674188458	0.13469085357748195	NA	NA	NA	NA
MLT1-int_00056	28.407846359346763	1.1337613528404933	0.47273732759738224	2.398290311879259	0.01647180445560863	0.1413604857788708	NA	NA	NA	NA
PRIMA41-int_00085	18.586292912526762	1.4147813251154646	0.5909373037935318	2.3941310119250425	0.016659796821702683	0.141811441238396	NA	NA	NA	NA
HERVH-int_00103	13.296867489367733	2.049931496744614	0.8594100102103427	2.385277658382043	0.017066235158643247	0.14409958234757644	AP | INT | RT	0.838	HERVH	AP:0.84 | RT:0.21 | INT:0.15
HERVH-int_00712	49.421664770104115	-1.7662657595409859	0.7429850967345578	-2.3772559736443943	0.01744197954575248	0.14609402067522279	AP | INT | RT	0.838	HERVH	AP:0.84 | RT:0.26 | INT:0.15
HERV35I-int_00056	238.90398823474635	-1.4151763036345062	0.5983183148772553	-2.3652565339318237	0.01801758560858531	0.14971755660467317	NA	NA	NA	NA
HERVH-int_01012	41.678900705527816	-1.9783568889450138	0.837726233812234	-2.3615792476046993	0.018197282144391324	0.15002011342659619	AP | GAG | INT | RT	0.794	HERVH	AP:0.79 | RT:0.34 | INT:0.15 | GAG:0.14
HERVE-int_00010	32.07590246545447	1.427391427743678	0.6155022349662738	2.3190678224294206	0.020391359161213152	0.16447742711693805	AP | GAG | INT | RNaseH | RT	0.985	HERVE	AP:0.98 | RT:0.56 | RNaseH:0.43 | INT:0.27 | GAG:0.17
HERVE_a-int_00071	594.3684920663565	0.7218027100720649	0.31132328819719846	2.3184989284028776	0.02042222113199804	0.16447742711693805	NA	NA	NA	NA
LOR1-int_00747	115.64606019431577	-1.1288719896109383	0.48591333186064023	-2.323196166049419	0.02016861665117687	0.16447742711693805	NA	NA	NA	NA
HERV-Fc2-int_00044	271.6640700226568	1.740646224845423	0.7556790575474268	2.3034199604455483	0.021255225755913026	0.1696750637805677	AP | ENV | GAG | RNaseH | RT	0.794	HERV-Fc2	AP:0.79 | RT:0.61 | RNaseH:0.48 | ENV:0.19 | GAG:0.19
HERVH48-int_00041	250.88454553407354	1.3151370247242795	0.5726898648860518	2.2964209869262358	0.021651822135452164	0.1696750637805677	INT | RNaseH | RT	0.557	HERVH48	RNaseH:0.56 | RT:0.30 | INT:0.24
HUERS-P1-int_00084	22.386107161670846	-1.3865873891814435	0.6040979820290432	-2.295302137120499	0.021715815230750786	0.1696750637805677	NA	NA	NA	NA
HUERS-P1-int_00337	26.258926509776376	-1.8960213843613412	0.8247925383953516	-2.298785811096308	0.021517104916606158	0.1696750637805677	NA	NA	NA	NA
HERV-Fc2-int_00038	20.8751878814993	2.0269549441139767	0.8893274698886378	2.279199746711741	0.022655194155826494	0.17570361689740993	AP | ENV | GAG | INT | RNaseH | RT	0.912	HERV-Fc2	RT:0.91 | RNaseH:0.61 | ENV:0.50 | AP:0.41 | INT:0.34 | GAG:0.13
HERV35I-int_00055	28.256642779198984	-1.4387385680499016	0.6340343823412603	-2.269180675560778	0.023257340919620617	0.17904732310913812	NA	NA	NA	NA
ERVL40-int_00408	14.372759383325537	-1.3853200913150456	0.6142581404624134	-2.2552734755329036	0.024116168458384796	0.18296832156470205	NA	NA	NA	NA
HERVE-int_00110	17.620999002172706	1.38767895951649	0.6151560109841486	2.255816304706885	0.024082137794552646	0.18296832156470205	AP | GAG | INT | RNaseH | RT	1	HERVE	AP:1.00 | RT:0.59 | RNaseH:0.51 | INT:0.28 | GAG:0.14
ERV3-16A3_I-int_01752	7.878194801291801	-1.5428882682910217	0.6864603802569547	-2.247599880001072	0.024601715238034692	0.18530932269224692	NA	NA	NA	NA
HERV35I-int_00058	73.54490958743867	-1.4712066493167897	0.6568014411424575	-2.2399564878507796	0.025093747841405816	0.1876653856425135	NA	NA	NA	NA
HERVIP10B3-int_00079	78.79020757905703	-0.829080114887234	0.37138941896095207	-2.232374086495996	0.025590249023626707	0.19002121083501533	NA	NA	NA	NA
HERV30-int_00002	810.9437811686804	1.3541571908961374	0.6076020352010981	2.2286910056974247	0.025834471116766053	0.1904837412623525	ENV | GAG | RT	0.349	HERV30	RT:0.35 | ENV:0.22 | GAG:0.22
HERVK3-int_00097	4837.399698421875	0.7713948898137358	0.34674979746774304	2.2246440962535705	0.02610513991467974	0.19113343699769014	AP | DUT | ENV | INT | RNaseH	0.767	HERVK3	AP:0.77 | DUT:0.69 | RNaseH:0.66 | INT:0.27 | ENV:0.18
HERV17-int_00317	82.15780842025205	-1.4953282963137478	0.6740967619106769	-2.2182695138237296	0.026536461525209033	0.19197604926776554	INT	0.104	HERV17	INT:0.10
HERVH-int_00886	25.656539477953665	-1.690256936106137	0.7622252889598875	-2.2175293323219663	0.026586940920559694	0.19197604926776554	INT | RT	0.34	HERVH	RT:0.34 | INT:0.20
LTR49-int_00378	73.47479196065521	-1.413769881839494	0.6404044546725519	-2.2076203117018838	0.02727075201921058	0.19556491345283203	NA	NA	NA	NA
HERV35I-int_00054	50.97340499621131	-1.1833593752812686	0.5366940948247898	-2.2049047803806943	0.027460776999037574	0.19558798311559414	NA	NA	NA	NA
HERVK-int_00080	934.6076764909623	-1.659964226051322	0.7584737599397732	-2.1885585418052327	0.028628941900490094	0.20140822505581005	ENV	0.186	HERVK	ENV:0.19
HERVK3-int_00078	30.80589370661241	1.2768924152336025	0.5838862665622557	2.186885508973444	0.02875088305448039	0.20140822505581005	DUT | ENV | GAG | INT	0.493	HERVK3	DUT:0.49 | INT:0.39 | GAG:0.38 | ENV:0.36
MER41-int_00950	10.409103097340692	1.9731735779088118	0.9028636895270021	2.1854612172326147	0.028855046569600293	0.20140822505581005	NA	NA	NA	NA
LTR25-int_00290	15.615459231713805	-1.3830365666328466	0.6369274192860936	-2.1714194188453004	0.029899482322134595	0.2073162780879134	NA	NA	NA	NA
HERVK-int_00007	111.48429837733934	-1.5197970978260584	0.7010155313071224	-2.1679934751120644	0.030159182988043643	0.20774121439790588	AP | DUT | ENV | GAG | INT | ORFX | RNaseH | RT	1	HERVK	AP:1.00 | DUT:1.00 | GAG:1.00 | INT:1.00 | RNaseH:1.00 | RT:1.00 | ENV:0.99 | ORFX:0.18
HERV17-int_00053	26.12265703730417	-1.3411374839804353	0.6205064275806431	-2.1613595353226804	0.03066757730622016	0.20826209066327167	AP | GAG | RNaseH | RT	0.786	HERV17	RNaseH:0.79 | RT:0.69 | AP:0.38 | GAG:0.10
HERVK-int_00129	158.42616747315597	-1.1559022219026658	0.5347579302978913	-2.161542927018887	0.03065342472222413	0.20826209066327167	AP | DUT | ENV | GAG | INT | ORFX | RNaseH | RT	1	HERVK	AP:1.00 | DUT:1.00 | GAG:1.00 | INT:1.00 | RNaseH:1.00 | RT:1.00 | ENV:0.99 | ORFX:0.18
HERVK11-int_00074	50.58836186888458	-0.88602017032266	0.41033887556758514	-2.15924013803739	0.030831541597714528	0.20826209066327167	ENV	0.489	HERVK11	ENV:0.49
ERV3-16A3_I-int_01383	9.297313398967468	-1.4326597592219021	0.6671063603641398	-2.1475732272135515	0.03174767417052288	0.20911052759328075	NA	NA	NA	NA
ERVL-E-int_01269	34.538021193767115	-1.303785098400723	0.6055877110362374	-2.152925289996029	0.03132455055675035	0.20911052759328075	NA	NA	NA	NA
HERV35I-int_00057	193.76217974344502	-1.4130207490582856	0.6579938474624887	-2.147468026498287	0.03175604000700252	0.20911052759328075	NA	NA	NA	NA
HERVK-int_00130	12.672870850569083	-1.7046188070983435	0.7932866577620391	-2.1488055930592433	0.03164981386010978	0.20911052759328075	AP | DUT | ENV | GAG | INT | ORFX | RNaseH | RT	1	HERVK	AP:1.00 | INT:1.00 | RNaseH:1.00 | RT:1.00 | ENV:0.99 | DUT:0.93 | GAG:0.82 | ORFX:0.18
MER65-int_00384	11.889558045624307	1.7755430805615238	0.8308119995284876	2.1371177613818784	0.03258841467447472	0.21325043852609396	NA	NA	NA	NA
HERVIP10B3-int_00126	12.793860407616908	1.655384384737837	0.7768332649276684	2.1309391081392106	0.033094158984428065	0.21521481029003842	NA	NA	NA	NA
ERVL40-int_00132	28.030573100044034	1.9424432459264602	0.9138166626268533	2.1256378061029455	0.03353342915158585	0.21539570749515574	NA	NA	NA	NA
Harlequin-int_00089	190.7071476003286	0.6975894753191246	0.3279261680198344	2.127276025367184	0.03339715554875258	0.21539570749515574	ENV | GAG	0.114	Harlequin	ENV:0.11 | GAG:0.07
ERVL40-int_00390	19.332554131702274	1.0107796651200531	0.48188772421881654	2.0975418428818	0.035945637169921094	0.22280182386509292	NA	NA	NA	NA
HERV-Fc2-int_00009	12.917722013813206	1.338569633347527	0.6362304094092567	2.1039070336018613	0.0353865573235793	0.22280182386509292	ENV | GAG | RT	0.404	HERV-Fc2	ENV:0.40 | RT:0.26 | GAG:0.21
HERVE-int_00062	12.797983969428634	1.769667631970907	0.8437664977193766	2.0973428510780603	0.03596323613486218	0.22280182386509292	AP | ENV | GAG | INT | RNaseH | RT	1	HERVE	AP:1.00 | RT:0.74 | INT:0.72 | ENV:0.59 | RNaseH:0.48 | GAG:0.31
HERVK3-int_00069	317.71416351125913	0.725278401769436	0.34453721049950525	2.1050800310304294	0.03528434216529067	0.22280182386509292	ENV | INT | RNaseH	0.676	HERVK3	RNaseH:0.68 | INT:0.19 | ENV:0.16
HUERS-P1-int_00085	214.17700935222354	-1.2852025880068556	0.6123809126639572	-2.098697985892496	0.035843532342790085	0.22280182386509292	NA	NA	NA	NA
Harlequin-int_00195	42.788781276358364	0.8543353284223029	0.4063550607281856	2.1024355569519413	0.03551513920448474	0.22280182386509292	GAG	0.127	Harlequin	GAG:0.13
ERVL-int_00347	35.98273056342935	1.2921695358580367	0.620764282826774	2.081578421319418	0.03738099412749091	0.230222946185194	INT	0.186	ERVL	INT:0.19
MER34-int_00323	32.44186876751741	1.1195670653545664	0.5394389194126411	2.0754287928901904	0.037946811972436795	0.23234100663825336	NA	NA	NA	NA
HERVE-int_00108	81.30135435465063	1.2957381947182338	0.62541024452236	2.0718211862804043	0.038282120129424	0.23234614607276435	AP | GAG | RNaseH | RT	0.985	HERVE	AP:0.98 | RT:0.58 | RNaseH:0.26 | GAG:0.17
HERVH-int_00490	43.6229892738077	-1.8292984685957074	0.8844526028340753	-2.0682832101279787	0.038613399633869144	0.23234614607276435	GAG | RT	0.315	HERVH	RT:0.32 | GAG:0.13
HERVIP10B3-int_00125	79.60953392825054	-0.8718092914081851	0.4214682116083428	-2.0685054469026722	0.03859251895091174	0.23234614607276435	AP | ENV | GAG | INT | RNaseH | RT	0.507	HERVIP10B3	RNaseH:0.51 | INT:0.40 | AP:0.37 | RT:0.36 | ENV:0.28 | GAG:0.07
HERVIP10B3-int_00080	12.326843463502925	-1.44083112392448	0.69886286884695	-2.0616793195805343	0.03923827673854007	0.23475700425857976	NA	NA	NA	NA
MER61-int_00209	62.95501751693594	1.5095298824260643	0.7357519540990054	2.0516831440490293	0.04020046593606164	0.23914708997191217	NA	NA	NA	NA
HERVH-int_01301	10.548725722199856	-1.3420949333981846	0.6550937846689595	-2.0487065589797795	0.040490817459238236	0.2395134795470194	AP | INT | RNaseH | RT	1	HERVH	RNaseH:1.00 | RT:0.56 | AP:0.34 | INT:0.22
HERV3-int_00118	27.710425309729665	1.4491104776722983	0.7109842431519244	2.0381752361319907	0.04153241113047696	0.24429457558207515	GAG | INT | RNaseH | RT	0.899	HERV3	INT:0.90 | RT:0.89 | RNaseH:0.67 | GAG:0.16
MER4B-int_00021	14.813758389223818	-1.1552778505575128	0.569107387861187	-2.0299821706747916	0.042358351629878006	0.2477608612093982	NA	NA	NA	NA
MER65-int_00416	128.73960520112533	0.8911030660792996	0.44103356298995894	2.020488100810567	0.043332783180794046	0.2520523555016187	NA	NA	NA	NA
LTR43-int_00072	10.573368980050716	-1.2595738023361172	0.6288650420104118	-2.0029318187403127	0.04518460724686194	0.2613717336324003	NA	NA	NA	NA
ERVL-E-int_03049	31.913072577157347	0.9996493606382453	0.4999257422566119	1.9995956922040738	0.04554393948851309	0.2620027727718308	NA	NA	NA	NA
Harlequin-int_00160	816.0680055813855	1.3637919785689123	0.6845856486546632	1.9921422268331428	0.04635545496260822	0.26377261601005875	ENV | GAG	0.243	Harlequin	ENV:0.24 | GAG:0.10
Harlequin-int_00200	9.567648543174519	1.5971504291567833	0.8011994727150927	1.9934491765756959	0.04621228352668509	0.26377261601005875	ENV | GAG | INT	0.748	Harlequin	ENV:0.75 | GAG:0.21 | INT:0.15
HERVH-int_00168	11.607974425752893	1.5656002485081393	0.7871701939379713	1.9888967602748282	0.04671259944649617	0.26436806281341346	AP | GAG | RT	0.809	HERVH	AP:0.81 | RT:0.34 | GAG:0.12
HERVK22-int_00045	223.23366648302576	-0.5573753459640762	0.28112602699138683	-1.9826529472532728	0.047406208778178076	0.26685107844490563	NA	NA	NA	NA
HERV30-int_00023	94.64489823055908	-0.7913919896973783	0.39975464737132854	-1.9796942822337256	0.04773789145097843	0.26728113555708244	ENV | GAG | INT | RNaseH | RT	0.857	HERV30	RNaseH:0.86 | RT:0.84 | INT:0.62 | ENV:0.18 | GAG:0.10
HERVE-int_00168	51.60512085624016	0.6858713632015071	0.3490906188364016	1.9647373094346456	0.049444649355084594	0.27536461635517856	AP | GAG | RT	1	HERVE	AP:1.00 | GAG:0.77 | RT:0.40
MER4-int_00604	14.480449995807989	1.0060219446717034	0.5127467732515176	1.9620249159095526	0.049759583505085775	0.27565229592499896	NA	NA	NA	NA
ERVL-B4-int_01438	25.699943446352336	0.9701753909824455	0.4975985275938189	1.949715156260235	0.051210078831240825	0.2800402375223082	NA	NA	NA	NA
MLT-int_00286	784.5042947013217	0.7726504281367351	0.3959053557706594	1.9516038792471329	0.05098525233013145	0.2800402375223082	NA	NA	NA	NA
MST-int_00449	39.54991445302878	-1.120110446426988	0.5748551435358054	-1.9485090444480313	0.05135408367171268	0.2800402375223082	NA	NA	NA	NA
Harlequin-int_00158	16.332189410614305	2.0374246227203674	1.048206056998425	1.9437252905736917	0.05192858714150259	0.2817058587417265	GAG	0.079	Harlequin	GAG:0.08
HERV17-int_00160	24.847624971315952	1.0857099844810953	0.5614653401013654	1.933707936958467	0.053149047435458875	0.28684047765425486	INT | RNaseH	0.386	HERV17	RNaseH:0.39 | INT:0.17
HERV9NC-int_00052	33.261354490530564	1.682075426593099	0.8725522567756705	1.9277646851878507	0.05388440216585622	0.28931779009052033	NA	NA	NA	NA
HERV1_I-int_00012	115.65634043944226	-0.9929340679792581	0.5177713839497033	-1.917707503270811	0.055148109800361195	0.29309680690851864	ENV | GAG | INT | RNaseH | RT	0.657	HERV1_I	RNaseH:0.66 | INT:0.39 | RT:0.39 | ENV:0.36 | GAG:0.17
HUERS-P3-int_00044	207.11044254278735	-1.0557428358191763	0.5499566311041203	-1.9196838007019106	0.05489785165412938	0.29309680690851864	GAG | INT | RNaseH | RT	0.588	HUERS-P3	RT:0.59 | RNaseH:0.41 | INT:0.16 | GAG:0.10
HUERS-P3-int_00035	25.23425120622401	-0.8873418911493868	0.4633866173261105	-1.9149061668410587	0.05550447122610966	0.2935009160289738	NA	NA	NA	NA
HERV9NC-int_00063	65.08879479762169	2.206351278067524	1.164728899582312	1.894304570667691	0.05818459469382571	0.30612698816299255	AP | RT	0.832	HERV9NC	RT:0.83 | AP:0.40
ERVL-E-int_00214	146.7075987467566	-0.875253700746337	0.4647163501266811	-1.8834149056897695	0.05964416189145869	0.31223718750178625	NA	NA	NA	NA
PABL_B-int_00279	15.94115009014906	-1.3358005572198666	0.7101981400530186	-1.880884336194044	0.059987654427215986	0.31247300589699073	GAG | RT	0.244	PABL_B	RT:0.24 | GAG:0.05
ERVL-E-int_02373	32.308808401714494	-1.236963857012368	0.6595917605727428	-1.8753476482760731	0.06074491225542477	0.31357309886466045	NA	NA	NA	NA
MER57A-int_00200	23.711427061524546	-0.8563660830716127	0.4567376378170686	-1.8749628061408028	0.06079784056306215	0.31357309886466045	NA	NA	NA	NA
ERVL-E-int_03723	87.11396324047138	0.9007533545321477	0.4812911100549326	1.871535409056983	0.061270906675000146	0.3144639180819861	NA	NA	NA	NA
MST-int_00481	25.07267043396906	-1.4750629061669682	0.7892389018398605	-1.8689688289924968	0.06162715121889415	0.31474940159113257	NA	NA	NA	NA
HERVE_a-int_00020	13.35461537277374	1.461251951195237	0.7850821015048054	1.861272787131924	0.06270566407018875	0.31837733544032093	NA	NA	NA	NA
HERVH-int_00346	22.244537518196353	-1.5638455527358908	0.8409692823355932	-1.8595751183594718	0.06294566230768522	0.31837733544032093	GAG | INT | RT	0.2	HERVH	INT:0.20 | RT:0.16 | GAG:0.14
HERVH-int_00676	12.524347114273588	-1.2706195959479318	0.6866413919222999	-1.8504849997328952	0.06424367805514707	0.32136248219311053	GAG | INT | RT	0.403	HERVH	RT:0.40 | GAG:0.13 | INT:0.10
HERVK11-int_00079	18.23787969052224	-1.302994728606862	0.7045098170409486	-1.8495054250338818	0.06438486517449635	0.32136248219311053	ENV | INT | RNaseH	0.963	HERVK11	RNaseH:0.96 | INT:0.41 | ENV:0.19
HERVL-int_00333	34.74608737661937	0.7537597059734132	0.4076562719762456	1.8490079946993563	0.06445665831953507	0.32136248219311053	DUT | INT	0.321	HERVL	DUT:0.32 | INT:0.24
HERVIP10B3-int_00035	48.01958436668538	1.2511295018450233	0.684399178909648	1.828069846369867	0.06753906973619281	0.33513462565779084	RNaseH | RT	0.464	HERVIP10B3	RNaseH:0.46 | RT:0.22
HERV16-int_00414	55.87552456995025	-1.0780650041121527	0.5908437762548414	-1.824619378993279	0.06805848695817625	0.3361190370057101	NA	NA	NA	NA
HERVH-int_01125	111.31861183792446	-1.5254046008665283	0.8380125957839761	-1.8202645265009225	0.06871873076026169	0.3377864371173427	GAG | RT	0.324	HERVH	RT:0.32 | GAG:0.13
MER4B-int_00916	30.741355619990856	-0.9121692274335541	0.5029589037292848	-1.8136058844372798	0.06973842385819908	0.34119686812866556	NA	NA	NA	NA
HERVK9-int_00241	11.715563320182	1.7390744631526647	0.9618626056845978	1.8080279375398867	0.07060215255182152	0.3438160638221262	AP | DUT | GAG | INT | RNaseH | RT	0.985	HERVK9	DUT:0.98 | RNaseH:0.94 | AP:0.93 | RT:0.43 | INT:0.38 | GAG:0.27
HERVH-int_00666	17.280487382851838	0.9851465038179954	0.554494526187853	1.7766568600611308	0.07562471422730845	0.3583468549587179	AP | GAG | RT	0.941	HERVH	AP:0.94 | RT:0.34 | GAG:0.13
HERVH-int_00836	231.17526254392084	-1.4005472864455795	0.7878101370015946	-1.7777726138128438	0.07544120808963761	0.3583468549587179	GAG | RT	0.13	HERVH	RT:0.13 | GAG:0.13
HERVK-int_00091	26.394075449482038	-0.7691460235905931	0.43306121546381293	-1.7760676692481685	0.07572176432565386	0.3583468549587179	AP | DUT | ENV | GAG | INT | ORFX | RNaseH | RT	1	HERVK	RT:1.00 | AP:0.98 | DUT:0.92 | RNaseH:0.76 | GAG:0.70 | ORFX:0.58 | ENV:0.51 | INT:0.51
HERVK-int_00106	63.47675068876812	-1.121354883513495	0.6292404064166272	-1.7820770441290341	0.07473666872896785	0.3583468549587179	NA	NA	NA	NA
LTR25-int_00286	45.28252944051355	-0.8544440655649949	0.481514829308222	-1.7744916948716807	0.07598185463308059	0.3583468549587179	NA	NA	NA	NA
MER61-int_00395	2479.1612294865945	-0.668369972056075	0.37629423051143057	-1.7761897947456626	0.07570163976089096	0.3583468549587179	NA	NA	NA	NA
MST-int_00479	21.642071584646644	-1.1786513146869257	0.6633326536199732	-1.7768630991625831	0.07559076701221545	0.3583468549587179	NA	NA	NA	NA
MER57-int_00269	14.756490896399596	1.3124933640813592	0.7407502981249893	1.7718431803585961	0.07642059248823127	0.35879982213084366	NA	NA	NA	NA
HERVE_a-int_00146	302.9835980066087	0.5692892291542623	0.32255325150402286	1.7649464902298841	0.07757275926286258	0.3625833881616836	NA	NA	NA	NA
HERV9-int_00132	11.828925769632548	1.1550574877222206	0.656133505155541	1.7604000994407474	0.07833999250656758	0.36454209846389446	AP | ENV | GAG | INT | RNaseH | RT	0.986	HERV9	RNaseH:0.99 | AP:0.96 | RT:0.79 | INT:0.59 | ENV:0.28 | GAG:0.21
HERVH-int_00546	71.7761085447454	-0.795771228867528	0.4540397527825403	-1.7526465997541367	0.07966268714160642	0.366196117771239	AP | RT	0.838	HERVH	AP:0.84 | RT:0.28
HERVK9-int_00027	19.98948609498997	-1.0506844078101343	0.5990756776169315	-1.7538425395430193	0.07945749165869644	0.366196117771239	AP | DUT | GAG | INT | RNaseH | RT	0.985	HERVK9	DUT:0.98 | AP:0.91 | GAG:0.53 | RT:0.27 | RNaseH:0.21 | INT:0.10
LTR37-int_00889	9.266450852109621	-1.0596030355769233	0.6047378409268959	-1.7521692275000433	0.07974471332554202	0.366196117771239	NA	NA	NA	NA
HERV17-int_00054	26.472346150619714	-1.1074092421628	0.6345567732079079	-1.7451696820829068	0.08095533695575036	0.3685227730116114	AP | INT | RNaseH | RT	0.886	HERV17	RNaseH:0.89 | RT:0.87 | AP:0.37 | INT:0.10
HERVH-int_01090	181.44899881151682	-1.9882706335083158	1.1380748923031094	-1.7470472698722619	0.08062913891477849	0.3685227730116114	AP | GAG | INT | RT	0.838	HERVH	AP:0.84 | RT:0.37 | GAG:0.18 | INT:0.15
LTR53-int_00245	51.02239083769205	0.6548631909876682	0.3761000984048054	1.7411938836634484	0.08164959901288174	0.3700741565648796	NA	NA	NA	NA
ERV3-16A3_I-int_01747	52.48036278342955	-0.7345406575592169	0.4262013745605018	-1.7234591472556233	0.08480552678397285	0.3827214937190499	NA	NA	NA	NA
Harlequin-int_00201	273.68476857106293	0.7156143012257485	0.41619338638912873	1.71942737349668	0.08553658143912032	0.38436395178866517	ENV | GAG	0.235	Harlequin	ENV:0.23 | GAG:0.14
HERV15-int_00012	1112.7008040074154	1.0206614736232762	0.599529975641088	1.7024361000996904	0.0886736475684893	0.3917354810304147	ENV | INT | RT	0.235	HERV15	RT:0.23 | ENV:0.19 | INT:0.16
HERVE-int_00013	31.19089023926184	1.075767410422606	0.6316338212462971	1.703150423927545	0.08853992160718	0.3917354810304147	AP | ENV | GAG | INT | RNaseH | RT	1	HERVE	AP:1.00 | RT:0.74 | RNaseH:0.71 | INT:0.41 | ENV:0.41 | GAG:0.17
HERVK3-int_00004	11.379962185699501	1.0808126625129135	0.6343773678746862	1.7037377391534172	0.08843009426758006	0.3917354810304147	DUT | GAG	0.253	HERVK3	GAG:0.25 | DUT:0.22
LTR37-int_00392	11.9436871064328	1.3881128599456445	0.8151445531107797	1.702903926240181	0.088586049161737	0.3917354810304147	NA	NA	NA	NA
HERVL-int_01560	17.429768632126752	0.9339474638215488	0.5501518210258297	1.6976176904769344	0.08957994174569822	0.39407646641910105	DUT | INT	0.254	HERVL	DUT:0.25 | INT:0.21
ERVL-E-int_04866	11.125688399897289	1.5654790821712592	0.9359934799145656	1.672532037631449	0.09441945578709131	0.41362832723466364	NA	NA	NA	NA
HERVH-int_00152	408.7362671890257	0.6632546878744344	0.3977546951822001	1.6674968162742023	0.09541565695396166	0.4162508034616577	NA	NA	NA	NA
MER34B-int_00627	14.597823685407976	1.0958958006086403	0.6589536611658798	1.663084773927325	0.09629546728196992	0.41834586823328834	NA	NA	NA	NA
HUERS-P1-int_00041	9.219435993004197	1.0051690843084056	0.6071104918348238	1.6556608687004561	0.09779051604502742	0.4230854144592715	NA	NA	NA	NA
HERVH-int_00612	29.197509899362327	0.8783338318911214	0.5319200807106658	1.6512515013865117	0.0986872308479125	0.42520794525828964	GAG | INT | RT	0.374	HERVH	RT:0.37 | INT:0.21 | GAG:0.09
HERVIP10B3-int_00106	214.02496271494928	-0.5374911011567873	0.32719505011425487	-1.6427238155623018	0.10044008900655496	0.4309867753682912	ENV	0.388	HERVIP10B3	ENV:0.39
HERVH-int_00524	46.25262595121984	0.6432632294061449	0.3927274332377966	1.6379381091431136	0.10143460517172981	0.4334776800604127	AP | GAG | INT | RT	0.838	HERVH	AP:0.84 | RT:0.28 | INT:0.21 | GAG:0.13
Harlequin-int_00079	84.35897395037983	0.63271111068099	0.3877847095318717	1.631604070838146	0.10276292011691036	0.4373690136683136	ENV | GAG	0.142	Harlequin	GAG:0.14 | ENV:0.09
MER34B-int_00653	61.839673691694244	0.7069532152176827	0.43513189679479625	1.6246871820363806	0.10422922994152051	0.4418137803594007	NA	NA	NA	NA
MER4-int_00044	26.00802933898948	-0.7637056441562176	0.47114598909964683	-1.620953296483852	0.10502765531536348	0.44340304481929665	NA	NA	NA	NA
HERVH-int_00185	13.00906591829718	-1.5840806140296608	0.9820112384993571	-1.6130982537942695	0.10672316318901032	0.4462169035768677	AP | GAG | RNaseH | RT	0.941	HERVH	AP:0.94 | RNaseH:0.52 | RT:0.21 | GAG:0.13
HERVI-int_00043	26.90312285513215	-0.932917436811041	0.577431504951919	-1.615633073032138	0.10617366886925196	0.4462169035768677	GAG	0.112	HERVI	GAG:0.11
Harlequin-int_00004	29.955283287292524	-1.566608369746767	0.9742310458611232	-1.6080460342567313	0.10782509704388495	0.4462169035768677	ENV	0.473	Harlequin	ENV:0.47
MER52-int_00157	25.329738649045574	-0.7850949527691163	0.48726612003496256	-1.611224176047339	0.10713087025417989	0.4462169035768677	NA	NA	NA	NA
MER65-int_00383	121.80138792606364	1.6062014548817276	0.9987436949139019	1.6082218721993458	0.10778659451078641	0.4462169035768677	NA	NA	NA	NA
MER65-int_00382	143.06815787365352	1.5782508382404101	0.9846815923128631	1.6028032315840754	0.10897810315846589	0.4492128897909991	NA	NA	NA	NA
PRIMA4-int_00148	14.853242199232007	0.9586089253672708	0.6016629455136582	1.5932656855723046	0.11110060114738567	0.456165997652207	NA	NA	NA	NA
HERVK9-int_00096	11.590949441945055	-0.9104955834041168	0.574314810326212	-1.5853597487533944	0.11288462095702544	0.4616804614922095	AP | DUT | ENV | GAG | RNaseH | RT	0.985	HERVK9	DUT:0.98 | AP:0.80 | RT:0.65 | GAG:0.63 | RNaseH:0.48 | ENV:0.20
HERVIP10FH-int_00078	31.37559254160961	1.707470981159028	1.0840005832589334	1.575156884164856	0.11522023654360918	0.46684457320439887	ENV | INT | RNaseH	0.329	HERVIP10FH	RNaseH:0.33 | ENV:0.19 | INT:0.18
HERVK22-int_00047	1164.8994428514889	-0.4618366387672327	0.29279265110695885	-1.5773505141647872	0.1147148952308753	0.46684457320439887	INT | RNaseH | RT	0.647	HERVK22	RNaseH:0.65 | INT:0.42 | RT:0.34
MER4-int_00629	186.49662482837792	-0.8124572095825807	0.5161700336122023	-1.5740108039533705	0.11548495172869083	0.46684457320439887	NA	NA	NA	NA
Harlequin-int_00002	390.7905848258678	0.8332621878513943	0.5312988178294707	1.5683494107055282	0.11679961052646524	0.4703430470046504	NA	NA	NA	NA
PABL_A-int_00333	61.03560627290356	1.8790603219636053	1.2045377574346436	1.5599845752992598	0.11876352631527436	0.4764192032647212	NA	NA	NA	NA
HERV30-int_00015	168.92005712274215	0.7888616070164306	0.5128247976750961	1.5382672807414035	0.12398327633354508	0.48617544688952063	ENV | GAG | RT	0.341	HERV30	ENV:0.34 | GAG:0.24 | RT:0.15
HERVH-int_00389	14.444301069289917	1.1727068349083407	0.7606606541289369	1.541695141641386	0.12314769310800383	0.48617544688952063	INT | RT	0.483	HERVH	RT:0.48 | INT:0.21
HERVIP10F-int_00128	16.644675299268982	2.5837611894405668	1.6817239191107538	1.5363765479453868	0.12444605517324883	0.48617544688952063	ENV | INT	0.418	HERVIP10F	INT:0.42 | ENV:0.32
HERVL-int_01036	12.873804858891248	1.2711272235173352	0.8233353213939941	1.5438754909302104	0.12261849861715443	0.48617544688952063	NA	NA	NA	NA
HERVL74-int_00007	90.14188659540288	0.6071100214662934	0.39408508159231326	1.5405557069383244	0.12342495498917203	0.48617544688952063	NA	NA	NA	NA
HUERS-P3-int_00045	95.99824372213853	-0.7893313981142627	0.5119399952560474	-1.541843586023158	0.12311160755405745	0.48617544688952063	ENV	0.132	HUERS-P3	ENV:0.13
THE1D-int_00140	77.70079988430601	0.5065567400440051	0.32910353362645256	1.5392017656637196	0.12375504671456812	0.48617544688952063	NA	NA	NA	NA
LTR53-int_00152	192.25689191493038	0.4741027113902115	0.30980351859825433	1.5303335273122458	0.12593419344898288	0.4893179562960878	NA	NA	NA	NA
MER34B-int_00625	30.10069120484794	0.7709482517040938	0.5041118124280957	1.5293199498554866	0.12618514632277336	0.4893179562960878	NA	NA	NA	NA
HERVK9-int_00160	150.73042496896585	-0.45139714022883975	0.29554534331073634	-1.5273363307715555	0.12667739975476378	0.48941416067615373	AP | DUT | ENV | GAG | INT | RNaseH | RT	0.956	HERVK9	RNaseH:0.96 | AP:0.91 | DUT:0.75 | RT:0.57 | INT:0.44 | ENV:0.11 | GAG:0.09
MER4-int_00043	11.567819871390899	-0.9571416800755753	0.6277519490434391	-1.5247131952900446	0.12733064907872135	0.4901293734758134	NA	NA	NA	NA
ERV3-16A3_I-int_01748	34.31849711445543	-0.6190175268244787	0.40891991708333225	-1.5137866877204016	0.13007995004777156	0.4948158988256359	NA	NA	NA	NA
HERVH-int_00477	35.517526925993955	-0.7256438396349969	0.48049227647757004	-1.5102091649726461	0.13099006083704767	0.4948158988256359	AP | ENV | INT | RNaseH | RT	1	HERVH	RNaseH:1.00 | AP:0.96 | INT:0.72 | RT:0.21 | ENV:0.12
HERVP71A-int_00021	64.81172197067417	-0.5738724842401022	0.3787919850545336	-1.5150069348945792	0.12977064790869144	0.4948158988256359	ENV | INT	0.307	HERVP71A	INT:0.31 | ENV:0.20
Harlequin-int_00029	99.1307774562223	0.7754742131306843	0.5113700921625473	1.5164637608180405	0.129402127069006	0.4948158988256359	ENV | INT	0.113	Harlequin	INT:0.11 | ENV:0.09
Harlequin-int_00090	25.53443665702839	-0.7825912788503793	0.5187301333284524	-1.508667471906541	0.1313837821141612	0.4948158988256359	INT	0.128	Harlequin	INT:0.13
LTR37-int_00111	1473.1499388723432	0.6599338782277869	0.43638124823897967	1.5122874341896124	0.13046075633420656	0.4948158988256359	NA	NA	NA	NA
HERV4_I-int_00099	58.68741552393226	-0.5744310181264194	0.3814453334023523	-1.5059327453365483	0.13208443946739645	0.4956717137002297	NA	NA	NA	NA
ERVL-B4-int_00919	553.9739608531755	-0.47306985992005984	0.31496211962288767	-1.5019897011312937	0.13309976862207026	0.4976980633832413	NA	NA	NA	NA
ERV24B_Prim-int_00082	28.691799168812523	-0.872477154947245	0.5911719455523061	-1.475843299925418	0.1399859637046894	0.4977333996422807	RT	0.157	ERV24B_Prim	RT:0.16
ERVL-E-int_03947	70.75525356799423	0.6128076264652331	0.4154916362343733	1.4748976225349493	0.1402400696222281	0.4977333996422807	NA	NA	NA	NA
HERV4_I-int_00057	28.568509983711	-0.9752382840904329	0.6570813844336926	-1.4841970982497772	0.13775663939679053	0.4977333996422807	NA	NA	NA	NA
HERVH-int_00034	20.010873546161914	0.9217635851112428	0.6214033450662039	1.483357938816758	0.137979336270538	0.4977333996422807	INT	0.299	HERVH	INT:0.30
HERVH-int_01365	26.407819180653732	-1.2993267446489714	0.8699118034598095	-1.493630434121361	0.13527224023893794	0.4977333996422807	AP | INT | RT	0.838	HERVH	AP:0.84 | RT:0.34 | INT:0.20
HERVK-int_00092	565.8305266402617	-0.7229927713106222	0.4901635472689153	-1.4750031399498815	0.1402116992507132	0.4977333996422807	AP | DUT | ENV | GAG | INT | ORFX | RNaseH | RT	1	HERVK	RNaseH:1.00 | INT:1.00 | GAG:0.99 | AP:0.66 | DUT:0.55 | ENV:0.45 | RT:0.33 | ORFX:0.18
HERVS71-int_00061	204.1841136788903	0.49512913919400064	0.33524385632938597	1.4769223353269243	0.13969645702591849	0.4977333996422807	NA	NA	NA	NA
HUERS-P3-int_00051	21.75683772750023	0.6702047976517794	0.4484412700069345	1.4945207822674653	0.13503955414982077	0.4977333996422807	INT	0.224	HUERS-P3	INT:0.22
LOR1-int_00287	17.607857897325847	0.7785909902337007	0.5270860164084777	1.4771611577536392	0.1396324429637263	0.4977333996422807	NA	NA	NA	NA
LOR1-int_00685	16.65907923716553	-0.8525299386938481	0.5687310077003643	-1.499003794677928	0.1338726476320248	0.4977333996422807	NA	NA	NA	NA
MER31-int_00675	14.609692888784215	0.8622883139062678	0.5805623044715514	1.4852640401638777	0.13747389364671173	0.4977333996422807	NA	NA	NA	NA
MER4-int_01188	682.8095209153967	-0.9160609849067738	0.6185658942838062	-1.4809432485239364	0.13862169702048072	0.4977333996422807	NA	NA	NA	NA
MER4B-int_00815	22.28200305059535	-1.380905749868284	0.9289705023373017	-1.4864904175040083	0.13714944962852635	0.4977333996422807	NA	NA	NA	NA
MER68-int_00053	673.9795912011407	0.4906967540434251	0.3315800647065152	1.4798741126905373	0.13890684541922682	0.4977333996422807	NA	NA	NA	NA
THE1-int_00045	53.044886435205925	1.3419370156997972	0.8973727844462931	1.4954064118713095	0.134808408179229	0.4977333996422807	NA	NA	NA	NA
HERV3-int_00138	47.12921929450302	1.7261085340337385	1.1731421068586918	1.4713550250580623	0.1411951296204651	0.4994300699750911	GAG | INT	0.238	HERV3	GAG:0.24 | INT:0.15
HERVH-int_00520	8.971181686625746	1.7537531912732984	1.195456112751871	1.467015955304507	0.14237171504611712	0.4995606109068857	ENV | GAG | RNaseH | RT	0.454	HERVH	RT:0.45 | RNaseH:0.44 | ENV:0.17 | GAG:0.10
MER4-int_01189	688.5120664122725	-0.8782905270449101	0.598833118477103	-1.4666699284743925	0.14246586708031075	0.4995606109068857	NA	NA	NA	NA
MLT-int_00078	33.40625457471283	0.9332260619914007	0.6366040053672183	1.4659443769177656	0.14266344093711444	0.4995606109068857	NA	NA	NA	NA
ERVL-E-int_04095	55.83326824941774	0.611565817832186	0.42163294771718524	1.4504697062773193	0.14692758099387165	0.5110736787394805	NA	NA	NA	NA
HERV9-int_00159	63.41543830003667	1.2094220363752703	0.8337996930751196	1.4504947008493438	0.14692061585170757	0.5110736787394805	AP | ENV | GAG | INT | RT	0.926	HERV9	AP:0.93 | RT:0.74 | INT:0.22 | ENV:0.20 | GAG:0.11
LOR1-int_00312	81.4117935457819	-0.8901783607568459	0.6161219434743053	-1.4448087268847125	0.14851161913877253	0.514873063702963	NA	NA	NA	NA
MER65-int_00385	18.78920769160352	1.3467996999887797	0.9391630663454594	1.4340424450777711	0.15156015067495637	0.5237078473817799	NA	NA	NA	NA
HERVIP10B3-int_00071	25.969677967653684	-0.7451659348280932	0.5233873924118765	-1.423736883294448	0.15452265257967662	0.5296366820056886	INT	0.281	HERVIP10B3	INT:0.28
HERVK9-int_00069	13.652652134425908	-1.7994513124008356	1.2675273577300628	-1.419654811729952	0.1557081997450316	0.5296366820056886	NA	NA	NA	NA
MER4B-int_00918	191.14369049851976	-0.6854738347884332	0.4825537917616946	-1.420512793580843	0.15545844669701814	0.5296366820056886	NA	NA	NA	NA
MER57-int_00275	20.20047238888527	1.5209524792273947	1.0704057559803395	1.4209120893921376	0.1553423179739698	0.5296366820056886	NA	NA	NA	NA
PRIMA41-int_00166	18.23507981920143	-0.8262366899376354	0.58213489971448	-1.4193216904584836	0.15580525124904687	0.5296366820056886	NA	NA	NA	NA
HERVE-int_00109	56.98116236755454	0.9554035597039806	0.6781600794557456	1.4088171637450784	0.15888923858906673	0.5297994675246906	AP | GAG | INT | RNaseH | RT	1	HERVE	AP:1.00 | RT:0.59 | RNaseH:0.51 | INT:0.48 | GAG:0.19
HERVH-int_00155	199.31186076888298	0.66533878199897	0.47190925745878315	1.4098871159718267	0.158573017617632	0.5297994675246906	ENV	0.278	HERVH	ENV:0.28
HERVH-int_00996	28.008353548727875	-1.1419015533791523	0.8085291305280191	-1.4123196187543925	0.15785587230112774	0.5297994675246906	AP | GAG | INT | RT	0.824	HERVH	AP:0.82 | RT:0.43 | INT:0.21 | GAG:0.10
HERVL66-int_00019	14.223392839810364	-0.7371890354513024	0.5219360684794065	-1.4124125155768745	0.15782853344106787	0.5297994675246906	NA	NA	NA	NA
LTR46-int_00014	30.92365346797427	1.069515352187104	0.7554445851014728	1.4157429588875066	0.15685077574354012	0.5297994675246906	NA	NA	NA	NA
MER65-int_00390	7.156713464223814	1.1810002030435651	0.8369441868433641	1.4110859739618358	0.1582192652055651	0.5297994675246906	NA	NA	NA	NA
LTR49-int_01425	11.237549379059267	-0.9839168749369239	0.6998620930816686	-1.4058725064026412	0.15976198671288153	0.5310184129790062	NA	NA	NA	NA
ERVL-E-int_04140	10.922329330598922	-0.8791552969959459	0.6267409369207145	-1.402741141045272	0.16069404431885498	0.5324261531703834	NA	NA	NA	NA
MST-int_00568	11.987170067862602	-0.9799782060991917	0.700544366740041	-1.398881002583015	0.16184867030408184	0.5345601192693176	NA	NA	NA	NA
MER4-int_00942	12.546846852783514	-0.7510295099934903	0.5385628599039887	-1.3945066879052497	0.16316465133572355	0.537211918077052	NA	NA	NA	NA
HERVK-int_00100	26.298488778199946	-1.08188284426281	0.7805761478429655	-1.3860055130463205	0.1657452200756061	0.5436988266695567	AP | DUT | ENV | GAG | INT | ORFX | RNaseH | RT	1	HERVK	RNaseH:1.00 | DUT:0.98 | RT:0.89 | AP:0.81 | INT:0.81 | ENV:0.68 | GAG:0.49 | ORFX:0.18
PABL_B-int_00280	23.107667113449672	-0.7487444502601995	0.5407641785347457	-1.384604380210607	0.16617347137942515	0.5436988266695567	INT	0.167	PABL_B	INT:0.17
MER4B-int_00816	10.778697933797577	-1.4840940839594319	1.0731974726330091	-1.3828713930142966	0.1667043032769317	0.5437364658284969	NA	NA	NA	NA
ERVL-E-int_04475	92.19631165201284	0.4343801629800378	0.31681240250021303	1.3710958269057845	0.17034508569809764	0.5511156535646541	NA	NA	NA	NA
HERV9-int_00036	119.27225704095885	0.7357160666751525	0.5376592321470379	1.3683687039785648	0.1711966952411805	0.5511156535646541	AP | ENV | GAG | RNaseH | RT	0.773	HERV9	RT:0.77 | RNaseH:0.64 | AP:0.40 | ENV:0.32 | GAG:0.20
HERVS71-int_00051	168.14304831631222	-0.9173743068825475	0.6706438999725552	-1.3679007695739709	0.17134313885288066	0.5511156535646541	GAG | RNaseH	0.386	HERVS71	GAG:0.39 | RNaseH:0.24
HUERS-P1-int_00316	109.27393550148659	-0.49148416201350104	0.3593388591742177	-1.367745651397016	0.1713917049520251	0.5511156535646541	NA	NA	NA	NA
LTR53-int_00026	41.54937153094787	-0.662614346951595	0.48469129676315525	-1.3670853002243653	0.17159857025986364	0.5511156535646541	NA	NA	NA	NA
MER57-int_00605	29.98116185865076	1.4973458832494153	1.0976463644507444	1.3641423428744086	0.172522770409894	0.5523894208536974	NA	NA	NA	NA
HERVIP10B3-int_00127	61.63255322906878	1.3264463068624879	0.9770361228399883	1.357622585137237	0.1745834726836847	0.5572832192067618	ENV | INT	0.545	HERVIP10B3	ENV:0.55 | INT:0.21
HERVH-int_00090	21.473899488864028	-1.67395864247707	1.2364718565464896	-1.353818636157637	0.17579424653025677	0.5594424805993278	AP | ENV | RNaseH | RT	0.971	HERVH	AP:0.97 | RNaseH:0.64 | RT:0.25 | ENV:0.09
ERVL-E-int_00403	31.98371788055668	0.8408383380021891	0.6245436310972307	1.3463244137562667	0.17819791569490145	0.5640656093648547	NA	NA	NA	NA
HERVH-int_00398	12.04410336062447	-1.243794287874501	0.92411380563265	-1.3459319407342878	0.17832446676195501	0.5640656093648547	AP | INT | RT	0.838	HERVH	AP:0.84 | RT:0.32 | INT:0.20
MER34B-int_00652	27.61637901530291	0.6784434872431728	0.5071773909199264	1.337684800997539	0.18099920763398664	0.5708017180505542	NA	NA	NA	NA
HERVL74-int_00063	71.0210141287757	-0.5898287551661341	0.4418047418826561	-1.3350439668273033	0.1818619569008638	0.5718002068324456	NA	NA	NA	NA
Harlequin-int_00187	19.4641313317059	-0.709962653454834	0.5343946118176439	-1.3285363245711406	0.18400099177609713	0.5767935281124961	ENV | GAG	0.225	Harlequin	ENV:0.23 | GAG:0.12
HERV-Fc2-int_00034	62.755024566762316	0.5730246151154047	0.43304431032484353	1.3232470706878852	0.1857532271460307	0.5771027561480538	INT | RNaseH | RT	0.536	HERV-Fc2	RNaseH:0.54 | INT:0.21 | RT:0.13
HERVH48-int_00078	115.76013427187635	-0.41592286000100026	0.31417875522064304	-1.323841453598299	0.18555570559579623	0.5771027561480538	AP | GAG | INT | RNaseH | RT	0.857	HERVH48	RNaseH:0.86 | AP:0.78 | INT:0.26 | RT:0.18 | GAG:0.09
LTR49-int_00407	30.687751102603457	0.5918754202940535	0.44689930713796394	1.324404425875141	0.18536876549244388	0.5771027561480538	NA	NA	NA	NA
HERVH-int_01352	845.6458302271388	-1.112432332983929	0.8532945247812425	-1.3036909304781032	0.19233898297958013	0.5871819941143085	AP | INT | RT	0.441	HERVH	AP:0.44 | RT:0.40 | INT:0.19
Harlequin-int_00023	25.254266896992156	0.5729962613132216	0.4399713094883317	1.3023491508562055	0.19279705671906228	0.5871819941143085	ENV | GAG	0.448	Harlequin	ENV:0.45 | GAG:0.11
MER4-int_01190	900.7965957477122	-0.7720485214725605	0.589072315377799	-1.310617561406549	0.1899870030653183	0.5871819941143085	NA	NA	NA	NA
MER4B-int_00917	258.0201350668865	-0.7007417626666331	0.5366947747604871	-1.3056616080887986	0.19166765929997598	0.5871819941143085	NA	NA	NA	NA
MLT1F-int_00093	239.31682890264034	0.49189711916243556	0.3778069637013961	1.3019800226636686	0.1929232148761434	0.5871819941143085	NA	NA	NA	NA
MST-int_00528	81.22046643686004	-0.582404946836936	0.44643372662416264	-1.3045720161891865	0.19203862226636603	0.5871819941143085	NA	NA	NA	NA
PRIMA4-int_00019	10.1627097838796	-0.8831212283011606	0.6744043530307516	-1.3094832860025918	0.19037069575498503	0.5871819941143085	NA	NA	NA	NA
ERV3-16A3_I-int_01047	24.472954172255378	0.6244502870307507	0.4835916645496858	1.2912759520208659	0.19660800634133294	0.5966625583750017	NA	NA	NA	NA
HERVH-int_00310	17.674538151452285	-1.6037621803325437	1.2446244399048676	-1.2885510913276994	0.19755419595860393	0.5978012808342726	AP | GAG | INT | RT	0.426	HERVH	AP:0.43 | RT:0.34 | INT:0.15 | GAG:0.13
HERVL-int_01165	34.231348312706	-0.6284309259366724	0.4886786161144871	-1.2859799983338012	0.19845004230852997	0.5987815397608959	DUT | INT | RT	0.467	HERVL	DUT:0.47 | RT:0.33 | INT:0.10
Harlequin-int_00114	2431.064868983288	0.4893963444321363	0.3819383572775341	1.281349032133262	0.20007109777777915	0.6019380441762494	ENV | GAG	0.149	Harlequin	ENV:0.15 | GAG:0.14
HUERS-P2-int_00114	30.19993652647755	-0.7151287945367402	0.563884979256771	-1.2682174926512784	0.2047202918462052	0.6141608755386155	GAG	0.112	HUERS-P2	GAG:0.11
HERVH-int_01251	265.38270623507174	-1.0801764415141166	0.8560371195362443	-1.2618336481708867	0.20700865165168317	0.6192515950837494	AP | GAG | RT	0.838	HERVH	AP:0.84 | RT:0.34 | GAG:0.13
MER57-int_00270	16.201212821523935	1.0142787715989554	0.8072945303898987	1.2563924731523817	0.2089737092426826	0.6233489275700532	NA	NA	NA	NA
HERVK13-int_00010	634.2500450372436	-0.38472167962150483	0.30675965160116586	-1.2541469440762745	0.2097886001014768	0.624001887233654	AP | DUT | ENV | GAG | INT | RNaseH | RT	1	HERVK13	INT:1.00 | RT:1.00 | RNaseH:0.98 | ENV:0.97 | DUT:0.88 | GAG:0.64 | AP:0.56
MER61-int_00461	21.61249446282941	-0.6825422560252538	0.5455272109137468	-1.2511607897285446	0.21087582054981013	0.6254588785145926	NA	NA	NA	NA
HERVIP10FH-int_00147	38.34821733133275	-0.5455213898859281	0.4396642798033844	-1.2407680472243106	0.21469144827990702	0.6296413062998953	NA	NA	NA	NA
HERVK9-int_00236	253.70210930144805	-0.33531366278095914	0.2692543320123344	-1.2453417565277969	0.2130061527830626	0.6296413062998953	NA	NA	NA	NA
MER41-int_00640	14.981583373701799	-0.6413654505161904	0.5167666405027562	-1.2411123324296116	0.21456425436999527	0.6296413062998953	NA	NA	NA	NA
MER57-int_00193	33.48447471242639	-0.581553684580644	0.46787662375369204	-1.2429637538095852	0.21388119047127696	0.6296413062998953	NA	NA	NA	NA
MER51-int_00254	249.98629055785239	0.5874093559718488	0.4758123989465707	1.234539825511797	0.21700181606552996	0.6346393894430443	NA	NA	NA	NA
HERV17-int_00288	14.668196112437565	-0.8158129681498572	0.6649832037645083	-1.226817404607354	0.2198912277231382	0.6412983716605173	AP | GAG | INT | RNaseH	0.971	HERV17	AP:0.97 | INT:0.47 | RNaseH:0.27 | GAG:0.04
HERVE-int_00156	131.96512889798092	0.8055060394087132	0.6616886809910612	1.2173489777734234	0.2234714668737336	0.6485629230336307	AP | ENV | GAG | INT | RNaseH | RT	0.657	HERVE	RNaseH:0.66 | RT:0.59 | AP:0.56 | ENV:0.35 | GAG:0.29 | INT:0.22
HERVH48-int_00042	17.650579920966575	0.8191881277319094	0.67404615977304	1.215329418993709	0.2242404757766708	0.6485629230336307	GAG	0.144	HERVH48	GAG:0.14
HERVIP10F-int_00008	33.91663168740166	-0.6248015870127902	0.5139063925562444	-1.2157887040574398	0.22406542294796422	0.6485629230336307	AP | GAG | INT | RNaseH | RT	0.338	HERVIP10F	AP:0.34 | RT:0.31 | RNaseH:0.26 | INT:0.26 | GAG:0.25
MER4B-int_00337	14.3021556821186	0.9845080658982076	0.815838172894827	1.2067443012685857	0.2275306323329876	0.6562660387125014	NA	NA	NA	NA
HERVH-int_00212	47.73057959412197	-0.8189593204507073	0.6840910749692325	-1.19714954691894	0.23124827091180486	0.6633340812182458	AP | GAG | RT	0.838	HERVH	AP:0.84 | RT:0.33 | GAG:0.10
MER57A-int_00202	18.26926467513807	-0.5674582130007725	0.4736444678910364	-1.198067857791001	0.23089060071117473	0.6633340812182458	NA	NA	NA	NA
HERVK11-int_00016	12.003774972326326	-0.6787181417327448	0.5683467869196683	-1.1941972002890493	0.23240083801371825	0.6648187907113743	ENV | GAG | GAGCOAT | INT	0.447	HERVK11	GAG:0.45 | ENV:0.24 | INT:0.09 | GAGCOAT:0.07
HERVIP10FH-int_00146	14.07793265512792	-0.7203816714558461	0.6067542602581135	-1.1872708914304044	0.23512078594626026	0.6683257346029858	NA	NA	NA	NA
HERVKC4-int_00028	42.520102115416314	-0.5328332755108478	0.4480460355822894	-1.1892377862876686	0.23434610916148294	0.6683257346029858	INT | RNaseH | RT	0.346	HERVKC4	RNaseH:0.35 | INT:0.25 | RT:0.25
HUERS-P3-int_00264	32.997061934432175	1.2736637416716092	1.0737307477024751	1.186204031501326	0.23554173454489186	0.6683257346029858	GAG | INT | RNaseH | RT	0.671	HUERS-P3	RNaseH:0.67 | RT:0.26 | INT:0.21 | GAG:0.09
HERVK9-int_00202	1973.1000460901425	-0.4720520342779088	0.4007004397228502	-1.178067173084237	0.23876982771900992	0.6756540800589281	AP | DUT | ENV | GAG | INT | RNaseH | RT	0.985	HERVK9	DUT:0.98 | RNaseH:0.96 | RT:0.73 | AP:0.52 | GAG:0.46 | INT:0.24 | ENV:0.06
HERVE_a-int_00100	88.94219761961384	0.4251193941559497	0.36157564759917293	1.1757412231125106	0.23969830026569705	0.67645315465818	AP | ENV | GAG | INT | RNaseH | RT	0.962	HERVE_a	RT:0.96 | AP:0.63 | INT:0.52 | RNaseH:0.48 | ENV:0.37 | GAG:0.28
HERV16-int_00789	17.513896090858896	0.9771114231028025	0.833639629083366	1.1721028955607495	0.2411557475462747	0.6787367410778216	NA	NA	NA	NA
HERVK22-int_00153	46.94031235619854	-0.5883503320035433	0.5035673962570156	-1.1683646248282034	0.24265971783312568	0.6811386717728756	INT | RNaseH | RT	0.403	HERVK22	INT:0.40 | RT:0.32 | RNaseH:0.21
MER110-int_00107	12.943380610150678	-0.662621966630327	0.5683213489531516	-1.1659283393996676	0.24364341990088742	0.6820712851236073	NA	NA	NA	NA
HERVL-int_01135	206.4285162577186	0.4545176705574595	0.3906316200786753	1.163545517554153	0.2446082416700926	0.6825968580906692	DUT | INT | RT	0.299	HERVL	DUT:0.30 | RT:0.20 | INT:0.17
HERVL66-int_00065	7.82173331311599	1.4448389240073918	1.2465800747515385	1.1590422093786226	0.24643898028488342	0.6825968580906692	NA	NA	NA	NA
HERVS71-int_00054	60.49000293854206	0.4752096889868411	0.40953473162720694	1.1603648049548507	0.24590030982583116	0.6825968580906692	ENV | GAG | INT | RNaseH	0.916	HERVS71	GAG:0.92 | RNaseH:0.59 | INT:0.34 | ENV:0.10
MST-int_00444	22.021984133634906	-0.8078430715785497	0.6965797422981731	-1.1597280577142453	0.2461595429038267	0.6825968580906692	NA	NA	NA	NA
HERV4_I-int_00038	15.929172467589437	0.6315656907626063	0.5460217349967988	1.1566676750813023	0.2474081612080337	0.6834732052369691	NA	NA	NA	NA
HERVH-int_00523	184.56268155723473	-0.3428468071578874	0.29753199862347646	-1.1523023027575476	0.24919687104767738	0.686602957860311	ENV | GAG | RNaseH | RT	0.958	HERVH	RT:0.96 | RNaseH:0.41 | ENV:0.33 | GAG:0.11
HERVE_a-int_00168	205.48547752643555	1.3832536534510327	1.211295817514088	1.1419618836708687	0.25346986368685326	0.6945015396557934	AP | ENV | GAG | INT | RNaseH | RT	0.926	HERVE_a	AP:0.93 | RT:0.62 | RNaseH:0.45 | INT:0.25 | ENV:0.18 | GAG:0.13
HERVFH21-int_00087	39.389008893499785	-0.46597538856070914	0.40779119010027615	-1.142681352302205	0.2531709149105556	0.6945015396557934	NA	NA	NA	NA
MER31-int_00371	34.61786467816377	-0.494711351999653	0.43374471651976015	-1.1405587968173334	0.2540535718129598	0.6945015396557934	NA	NA	NA	NA
HERV17-int_00283	366.1940916925977	0.31858809232840796	0.28207470453282546	1.1294458071171476	0.2587098184697415	0.6964667006433405	NA	NA	NA	NA
MER34-int_00322	21.59209931061225	0.7487340526855432	0.6629965743653223	1.129318131699694	0.258763654775797	0.6964667006433405	NA	NA	NA	NA
MER4-int_00394	10.937709862110532	0.6872638722204983	0.6047583766020019	1.1364272059893998	0.2557778149999799	0.6964667006433405	NA	NA	NA	NA
MER4-int_01001	35.27824389390489	0.5188922144496501	0.45807031421869426	1.1327785240453672	0.2573072723009537	0.6964667006433405	NA	NA	NA	NA
MER51-int_00286	28.06940641549277	-0.4662624111832932	0.4120751438488657	-1.1314985097822388	0.2578453302981167	0.6964667006433405	NA	NA	NA	NA
PRIMA4-int_00040	55.4297175363294	-0.44201445032003805	0.38943982092037693	-1.1350006511286124	0.2563750455599253	0.6964667006433405	NA	NA	NA	NA
HERVK11-int_00099	49.92392746766556	-0.96785482414665025	0.8605147663831316	-1.1247393559725702	0.2606994992316398	0.6980879173798642	ENV | GAG | INT | RNaseH | RT	0.444	HERVK11	RT:0.44 | RNaseH:0.44 | ENV:0.36 | GAG:0.17 | INT:0.10
HUERS-P1-int_00154	10.21029422573644	-0.7391012201760343	0.6562875586799458	-1.1261850242333704	0.26008721104935567	0.6980879173798642	NA	NA	NA	NA
MER57A-int_01013	17.5475761123805	0.820084669828942	0.7312876663225075	1.1214255450976987	0.2621067676316226	0.6991322262938949	NA	NA	NA	NA
MER68-int_00007	11.244646316331215	-0.672251313405333	0.5998613074203036	-1.1206779051916878	0.2624249903853875	0.6991322262938949	NA	NA	NA	NA
MER51-int_00285	153.8407070715047	-0.43303116489454335	0.389136596683724	-1.1127998974778905	0.2657943794557872	0.7063114601274345	NA	NA	NA	NA
ERVL-E-int_03424	30.85311416427688	0.5895164670555524	0.5341021857265977	1.1037522084909062	0.2697006413745467	0.7069823640645561	NA	NA	NA	NA
ERVL-E-int_04155	22.210766323459396	-0.5357034277691834	0.48568766390393725	-1.1029792757411658	0.2700361651159298	0.7069823640645561	NA	NA	NA	NA
HERV9NC-int_00069	17.40379632299747	0.5782231766032581	0.5235793750470771	1.1043658405208718	0.26943447251045965	0.7069823640645561	ENV	0.129	HERV9NC	ENV:0.13
HERVH-int_01387	108.50238153845515	1.245439414428993	1.129272655533756	1.1028686547274362	0.27008420819454243	0.7069823640645561	AP | INT | RT	0.441	HERVH	AP:0.44 | RT:0.40 | INT:0.19
HERVI-int_00032	11.584770162733927	1.4892463950635697	1.3518292849396754	1.101652709890825	0.2706126834857762	0.7069823640645561	NA	NA	NA	NA
LTR53-int_00252	9.418438068882155	-0.650851610519693	0.5906556024263449	-1.1019138866135696	0.2704991108373226	0.7069823640645561	RT	0.277	LTR53	RT:0.28
MER34B-int_00644	10471.437786313214	0.34884288219544307	0.3167604764040388	1.1012828562313501	0.270773570190914	0.7069823640645561	NA	NA	NA	NA
HERVE-int_00145	53.98599870126512	0.6367037543922419	0.5845638803459257	1.0891944846394916	0.27606813059551066	0.7081673313704351	AP | ENV | GAG | INT | RNaseH | RT	0.657	HERVE	RNaseH:0.66 | RT:0.59 | AP:0.56 | ENV:0.35 | GAG:0.29 | INT:0.22
HERVH-int_01267	20.859361546469398	-0.6387817637631819	0.5864933561213312	-1.089154305153004	0.27608584564966215	0.7081673313704351	AP | GAG | RT	0.838	HERVH	AP:0.84 | GAG:0.14 | RT:0.09
HERVK-int_00118	35.830473361864826	-1.1358150175535047	1.0440417954095162	-1.0879018661393638	0.27663843221634	0.7081673313704351	AP | DUT | ENV | GAG | INT | ORFX | RNaseH | RT	1	HERVK	AP:1.00 | DUT:1.00 | GAG:1.00 | INT:1.00 | RNaseH:1.00 | RT:1.00 | ENV:0.99 | ORFX:0.18
HERVK14-int_00012	9.54470577249813	0.8061053950445882	0.7372765490998905	1.0933555339970165	0.27423772879852126	0.7081673313704351	AP | DUT | GAG | INT | ORFX | RNaseH | RT	0.967	HERVK14	AP:0.97 | GAG:0.95 | DUT:0.78 | ORFX:0.75 | INT:0.25 | RNaseH:0.22 | RT:0.20
Harlequin-int_00074	675.20135670338	-0.2889577746789159	0.264146764264882	-1.093928882616006	0.2739861702016479	0.7081673313704351	ENV | GAG	0.374	Harlequin	ENV:0.37 | GAG:0.10
MER34-int_00241	372.788564550452	0.45096096835326116	0.4107918956801897	1.097784481864131	0.27229860922114163	0.7081673313704351	ENV	0.304	MER34	ENV:0.30
MER57A-int_00201	11.065485790222262	-0.7167804141255943	0.6574331218019858	-1.090271223574713	0.2755936873235785	0.7081673313704351	NA	NA	NA	NA
PRIMA41-int_00116	20.82251254240797	-0.816840347071668	0.74761485089717294	-1.0925951324955907	0.27457160080240867	0.7081673313704351	ENV | INT | RNaseH	0.357	PRIMA41	RNaseH:0.36 | INT:0.31 | ENV:0.27
HERVIP10B3-int_00077	131.8409628200805	-0.44922416844740537	0.41481609050462326	-1.0829477899493356	0.2788315978859264	0.711640942282157	NA	NA	NA	NA
LTR53-int_00148	30.467058165771395	0.49558417207848504	0.45812343314261933	1.081769969020999	0.27935475384715047	0.711640942282157	INT	0.137	LTR53	INT:0.14
HERV16-int_02155	91.84493868487439	0.37089115242162546	0.34562325586539216	1.0731082070648459	0.28322256911380833	0.7127272166707683	NA	NA	NA	NA
HERVH-int_00978	16.187530829198828	-1.1785138569975069	1.0996922731749263	-1.071676036783467	0.2838655676711656	0.7127272166707683	AP | GAG | INT | RT	0.838	HERVH	AP:0.84 | RT:0.41 | INT:0.20 | GAG:0.13
HERVK9-int_00234	174.060577394019	0.6070734734135069	0.5641052555728636	1.0761705681983196	0.28185097996284325	0.7127272166707683	ENV | INT | RNaseH	0.926	HERVK9	RNaseH:0.93 | INT:0.31 | ENV:0.25
HERVL-int_00784	29.12013637901952	-0.7245429867747883	0.6718279979179694	-1.0784650074426572	0.2808262897348859	0.7127272166707683	DUT	0.533	HERVL	DUT:0.53
LOR1-int_00616	33.25998678800631	-0.5591593211261972	0.5194647028127958	-1.0764144668510933	0.2817419351813079	0.7127272166707683	INT	0.257	LOR1	INT:0.26
MLT1J-int_00304	60.559804981089314	0.5778911050591111	0.5392335893115203	1.071689739871264	0.28385941074450166	0.7127272166707683	NA	NA	NA	NA
HERVK-int_00095	9.243225136754637	0.9120511090135414	0.8528167073054006	1.0694573654581658	0.2848636302116114	0.7135220594056391	NA	NA	NA	NA
HERVIP10FH-int_00104	9.660522831461375	0.7802033912947014	0.7317922399416523	1.0661542289064299	0.2863539289391341	0.7138394371411271	NA	NA	NA	NA
MER4-int_01702	12.23318571477549	-0.8945019761476853	0.8381960928060674	-1.0671750725455187	0.2858927866833133	0.7138394371411271	NA	NA	NA	NA
MER4-int_00399	981.2286034634516	0.3467427680848944	0.32659654573920605	1.0616853503459143	0.2883785521075821	0.7171789645050796	NA	NA	NA	NA
HERVS71-int_00084	15.227231892521445	1.419897734479829	1.3444410265520805	1.0561249667612886	0.290911125234498	0.7217629102381976	AP | GAG | INT | RNaseH | RT	0.525	HERVS71	RT:0.53 | AP:0.50 | RNaseH:0.36 | INT:0.25 | GAG:0.14
HERVK11-int_00078	850.4770421642789	-0.7432783600775416	0.7049770891347824	-1.0543298094832645	0.2917319454962051	0.7220882906253587	ENV | GAG | RT	0.554	HERVK11	ENV:0.55 | RT:0.55 | GAG:0.24
ERVL-E-int_03844	103.77033498128078	-0.4698334988479645	0.45126722800461727	-1.041142519755849	0.2978094081765734	0.7227634052260521	NA	NA	NA	NA
HERV30-int_00009	11.483267737645448	-0.6318071127532829	0.610236422123732	-1.035348087802562	0.30050637987234596	0.7227634052260521	NA	NA	NA	NA
HERVE-int_00022	50.14025793839243	-0.5156895658019508	0.49386759770299843	-1.0441858672252389	0.29639940434523604	0.7227634052260521	AP | ENV | GAG | INT | RNaseH | RT	0.979	HERVE	RNaseH:0.98 | RT:0.75 | ENV:0.50 | AP:0.44 | INT:0.35 | GAG:0.27
HERVH-int_00513	8.463543931924992	0.7383251011572336	0.7087947770791423	1.041662728102741	0.2975680750289564	0.7227634052260521	AP | GAG | INT | RT	0.838	HERVH	AP:0.84 | RT:0.34 | INT:0.20 | GAG:0.13
HERVIP10FH-int_00353	18.356656970908972	1.078053228869814	1.038068333811856	1.0385185577438152	0.29902870008810184	0.7227634052260521	RNaseH	0.45	HERVIP10FH	RNaseH:0.45
HERVK22-int_00018	13.116409235649703	-0.5456636967436475	0.5217612405251447	-1.045811099717651	0.2956482554467746	0.7227634052260521	NA	NA	NA	NA
HERVK22-int_00044	565.326009476051	-0.34218069838288634	0.33038564162492673	-1.0357008758006199	0.3003417136589321	0.7227634052260521	ENV | INT | ORFX | RNaseH | RT	0.662	HERVK22	RNaseH:0.66 | INT:0.50 | RT:0.47 | ENV:0.28 | ORFX:0.21
HERVK9-int_00113	50.25756621628694	0.43472333010079695	0.41786421228943366	1.0403459241436206	0.2981792152862125	0.7227634052260521	AP | DUT | GAG | INT | RNaseH | RT	0.985	HERVK9	DUT:0.98 | AP:0.90 | RNaseH:0.67 | INT:0.52 | GAG:0.42 | RT:0.17
HERVK9-int_00264	32.84149728092514	0.4843248528221256	0.4670517714379132	1.0369832263584693	0.2997436744759597	0.7227634052260521	NA	NA	NA	NA
LOR1-int_00154	38.49915251827581	0.4675497076405434	0.45202858954860403	1.0343365850098967	0.30097883923453556	0.7227634052260521	INT	0.131	LOR1	INT:0.13
MER61-int_00072	68.86347615856337	-0.5432303859375065	0.5249652072172492	-1.0347931224186797	0.30076553551287744	0.7227634052260521	NA	NA	NA	NA
MER65-int_00388	10.003303691592356	1.4765856460162154	1.419728813232852	1.040047671254833	0.2983177534315646	0.7227634052260521	NA	NA	NA	NA
MST-int_00065	17.060002031569795	-0.5270479894593818	0.5057172437331351	-1.0421791939875058	0.2973286074017779	0.7227634052260521	NA	NA	NA	NA
HERV3-int_00125	3933.220546870346	-0.5786237797417376	0.5622903853810602	-1.0290479702042359	0.3034571336915774	0.7241246564758127	AP | ENV | GAG | INT | RNaseH | RT	0.8	HERV3	ENV:0.80 | RT:0.47 | RNaseH:0.46 | AP:0.41 | INT:0.40 | GAG:0.32
Harlequin-int_00094	47.24123200129289	-0.5804861992825822	0.5642909155867017	-1.028700238207879	0.30362055796836845	0.7241246564758127	GAG	0.103	Harlequin	GAG:0.10
MER68-int_00051	79.40569649745065	0.3405822425836293	0.3310150972591698	1.0289024440385837	0.30352551978983183	0.7241246564758127	NA	NA	NA	NA
MER57A-int_00281	8.982221501102288	0.7580288842549853	0.7398536265473883	1.024566018270957	0.3055680055011681	0.7271129585448249	NA	NA	NA	NA
HERVK3-int_00018	47.53615922511347	0.6540475312771498	0.6408285357163335	1.0206279758532284	0.30743072984901176	0.7288875558641963	INT	0.266	HERVK3	INT:0.27
MER57A-int_00623	96.16410976713478	-1.0048506560910972	0.9851021910179842	-1.0200471232864738	0.3077061124087629	0.7288875558641963	NA	NA	NA	NA
HERVL-int_00297	20.07263158661491	-0.5102165443585539	0.5014968895371678	-1.0173872560394812	0.30896924209176085	0.730227531535155	INT | RT	0.216	HERVL	INT:0.22 | RT:0.18
HERVK11-int_00041	182.99153654095963	-0.29987875353644766	0.2956772354647621	-1.01420981248381	0.31048264741067416	0.7305063636830917	NA	NA	NA	NA
MER41-int_00164	11.023530739839368	-0.690856312639566	0.6803373368685833	-1.0154614118628251	0.30988593187804137	0.7305063636830917	NA	NA	NA	NA
HERV17-int_00216	13.373978104639544	-0.6042610920969176	0.597694415526228	-1.010986678811292	0.31202280559974	0.7323855863446138	AP | ENV | GAG	0.473	HERV17	ENV:0.47 | AP:0.40 | GAG:0.19
LTR57-int_00154	32.156756170753376	0.4431014642357478	0.4388821607791859	1.0096137501899622	0.3126803792703366	0.7323855863446138	NA	NA	NA	NA
ERVL-E-int_00068	35.16864774701659	0.5077377829625324	0.5062693850501087	1.002900428024654	0.3159089060935196	0.7382960372319533	NA	NA	NA	NA
MER50-int_00281	131.23153764513128	0.411933742490976	0.4120193909894849	0.99979212507862	0.31741111760962015	0.7401546550941476	ENV	0.152	MER50	ENV:0.15
HERV4_I-int_00145	258.68511037113814	-0.4643028317480489	0.46709511455756453	-0.99402202523107	0.32021214469327247	0.7417303440129563	ENV	0.072	HERV4_I	ENV:0.07
HERVH-int_01249	21.506869731350633	-0.5646515287545346	0.5668463717808889	-0.9961279755227882	0.3191879687539406	0.7417303440129563	GAG | RT	0.248	HERVH	RT:0.25 | GAG:0.12
MER92-int_00257	49.983681470331746	0.6491984111503996	0.652773015814861	0.9945239699285068	0.3199678417075984	0.7417303440129563	NA	NA	NA	NA
ERVL-E-int_00001	49.77175186767601	0.5271013399552201	0.5354710272389387	0.9843694861944718	0.3249338755329327	0.7434484768502236	NA	NA	NA	NA
HERVH-int_00550	137.22371557987873	-0.8920797267291412	0.900382474173816	-0.9907786438732125	0.32179367961241206	0.7434484768502236	AP | GAG | INT | RT	0.824	HERVH	AP:0.82 | RT:0.34 | INT:0.19 | GAG:0.14
LTR43-int_00071	10.361755027643495	-0.5717255582466494	0.5804583362387582	-0.9849553750081439	0.32464599124263227	0.7434484768502236	NA	NA	NA	NA
LTR49-int_01058	323.36878526512845	0.36715674751501753	0.37320299235363913	0.9837990451242354	0.3252143289373471	0.7434484768502236	NA	NA	NA	NA
MER21-int_00555	9.14621953681115	0.7168307371013224	0.7271974996399315	0.9857442269208266	0.32425864067410265	0.7434484768502236	NA	NA	NA	NA
MER4B-int_00814	10.815176282142431	-1.0650196143151636	1.0821554456566858	-0.9841650925379546	0.3250343461605269	0.7434484768502236	NA	NA	NA	NA
PRIMA4-int_00025	22.85539042460219	0.4507760159209029	0.46061751903097675	0.9786341102900777	0.32776079898595323	0.7476373780790697	NA	NA	NA	NA
HERV9NC-int_00070	14.360577581484199	-0.6029045128406704	0.618083963667792	-0.9754411184897199	0.32934149572485616	0.7484649662006233	AP | ENV | GAG | RNaseH | RT	0.71	HERV9NC	RT:0.71 | RNaseH:0.54 | AP:0.38 | GAG:0.21 | ENV:0.14
HERVL66-int_00067	18.503202478633703	-0.5131234485882411	0.5262729325632796	-0.9750139458797696	0.3295533423290232	0.7484649662006233	DUT	0.255	HERVL66	DUT:0.26
HERVE-int_00167	49.42330410733787	0.49022504141257833	0.5051104204799576	0.9705304454949967	0.33178215677882705	0.7518959267260432	INT | RNaseH	0.729	HERVE	RNaseH:0.73 | INT:0.46
HERV9NC-int_00030	25.679594192988166	-1.0773034291419943	1.1148613921462447	-0.9663115403683082	0.3338883130993209	0.7539831756836706	AP | ENV | GAG | RNaseH | RT	0.829	HERV9NC	RNaseH:0.83 | RT:0.56 | AP:0.38 | ENV:0.28 | GAG:0.14
MER4-int_00631	266.16471450116364	-0.4911732328845465	0.5085653370069819	-0.9658016328348453	0.33414345130584827	0.7539831756836706	NA	NA	NA	NA
Harlequin-int_00001	30.967806103441564	0.5849798332380104	0.6079429102606535	0.9622282345347234	0.33593496922742216	0.7562603025786089	ENV	0.46	Harlequin	ENV:0.46
MER34B-int_00655	16.432430673110517	0.5378546387090151	0.5600163101603757	0.9604267392765506	0.33684048587905435	0.7562603025786089	NA	NA	NA	NA
MER57-int_00470	60.078845071782425	0.36821529688480087	0.38434171556579716	0.9580414562669674	0.3380418544477449	0.7562603025786089	NA	NA	NA	NA
MER61-int_00071	122.92360630964004	-0.46128182503026133	0.4810507452420815	-0.9589047093111315	0.33760675214495	0.7562603025786089	NA	NA	NA	NA
ERV3-16A3_I-int_00151	60.20802283807048	-0.42007178574456056	0.4403664138550496	-0.9539142235375625	0.3401270630767907	0.759302846570149	NA	NA	NA	NA
MER41-int_00190	12.034957783799666	0.6240891566187023	0.6598234113238634	0.9458426995891762	0.3442288230436971	0.7668246334611721	NA	NA	NA	NA
HERVS71-int_00060	266.47216928826555	0.3766111870610374	0.3989028324771959	0.9441176055889932	0.3451095535734465	0.7671543579435213	AP | ENV | GAG | INT | RNaseH | RT	1	HERVS71	AP:1.00 | RT:0.75 | RNaseH:0.64 | GAG:0.51 | INT:0.46 | ENV:0.35
LTR37-int_00894	9.523678806534944	-0.6156976069001275	0.6550332284325231	-0.9399486624113335	0.3472438945482697	0.7702634694746576	NA	NA	NA	NA
ERV3-16A3_I-int_01318	65.74075936504539	-0.3154721474648186	0.3392580012139126	-0.9298885990485564	0.35242876655679134	0.771951712520838	NA	NA	NA	NA
HERVH-int_00356	43.627432950977735	0.3924405738806234	0.4199831899038631	0.9344197180140845	0.3500874304111267	0.771951712520838	AP | ENV | GAG | INT | RNaseH | RT	1	HERVH	RNaseH:1.00 | AP:0.98 | RT:0.33 | INT:0.27 | ENV:0.14 | GAG:0.12
HERVS71-int_00002	25.75002620883567	-0.5089287241886752	0.543930075993084	-0.9356510085593175	0.3494529025502266	0.771951712520838	NA	NA	NA	NA
Harlequin-int_00237	16.894441542943227	-0.6485319066795017	0.6963414254168677	-0.9313418432506084	0.35167676378669555	0.771951712520838	ENV | INT	0.418	Harlequin	ENV:0.42 | INT:0.11
LTR37-int_00203	364.0545912646271	0.2847250759466154	0.3053070610532772	0.9325859512202039	0.35103378974821103	0.771951712520838	NA	NA	NA	NA
PRIMAX-int_00103	14.227305689830008	-0.5616155934259313	0.60322946985366	-0.9310148483995253	0.3518458834473777	0.771951712520838	RNaseH	0.214	PRIMAX	RNaseH:0.21
HERVH-int_00345	38.46375859171438	-0.715235687939546	0.7723503050368365	-0.926050890735951	0.3544195336397211	0.7730776077516417	AP | GAG | INT | RT	0.838	HERVH	AP:0.84 | RT:0.51 | INT:0.21 | GAG:0.14
MER84-int_00024	49.16537232589595	-0.3614325107059641	0.3902893976759515	-0.9260628468469271	0.35441332053633234	0.7730776077516417	NA	NA	NA	NA
MER61-int_00343	17.021114869391514	0.5212222295900141	0.5669855530320369	0.9192866146283677	0.35794567720971726	0.7791457880219834	NA	NA	NA	NA
HERVKC4-int_00022	9.749316170630403	-0.6761381049731362	0.7385630978847454	-0.9154777796367092	0.3599408623929419	0.7818632425838384	NA	NA	NA	NA
ERVL-B4-int_00731	12.900412784689259	-0.739163309995474	0.8125776785240998	-0.9096524917322739	0.36300580631000967	0.7848577754185103	NA	NA	NA	NA
HERVE-int_00146	17.706849940391635	-0.4509966952943051	0.4958956990615203	-0.909458775601026	0.3631080088742848	0.7848577754185103	GAG	0.114	HERVE	GAG:0.11
LTR19-int_00057	11.14616771909688	-1.1156276478985474	1.2278713779632198	-0.9085867362989916	0.36356831048517435	0.7848577754185103	NA	NA	NA	NA
ERVL-E-int_04438	64.25957791278731	-1.2443978339745174	1.3848221114176005	-0.8985976059413617	0.368867034375022	0.7930262525475319	NA	NA	NA	NA
HERVH-int_01071	19.3275305184633	-0.4948153350994068	0.5501137995527388	-0.8994781361632965	0.36839803644946306	0.7930262525475319	AP | ENV | GAG | INT | RNaseH | RT	0.881	HERVH	INT:0.88 | AP:0.79 | RT:0.73 | RNaseH:0.64 | ENV:0.52 | GAG:0.19
HERVE_a-int_00136	19.25344162558073	0.4165944215809119	0.4667236995332882	0.8925932452058803	0.37207503781205115	0.7982839438303639	NA	NA	NA	NA
HERVH-int_00198	10.105080687824659	-0.7841954881290543	0.8800666879201782	-0.8910637101630423	0.37289499217620126	0.7984070691380015	AP | ENV | GAG | INT | RNaseH | RT	1	HERVH	RNaseH:1.00 | RT:0.73 | INT:0.60 | AP:0.43 | ENV:0.38 | GAG:0.17
LTR57-int_00282	25.812430132371286	-0.4652590415071911	0.5236881425682073	-0.8884276799270739	0.37431074153496063	0.7998027477287832	NA	NA	NA	NA
LTR53-int_00147	10.07990642152	0.6508340798508715	0.7340284128428249	0.8866606094037295	0.3752616517987406	0.8002015263406954	NA	NA	NA	NA
Harlequin-int_00024	375.9622634947332	0.4579068150420139	0.5215891789935471	0.8779070453984227	0.3799941654856765	0.808646120454275	ENV | GAG	0.141	Harlequin	ENV:0.14 | GAG:0.14
HERVS71-int_00036	103.58970490299532	0.329096523658726	0.3756402785087838	0.8760948771659228	0.38097845748327236	0.8090962372920611	ENV | GAG | INT | RNaseH	0.7	HERVS71	RNaseH:0.70 | INT:0.38 | GAG:0.26 | ENV:0.15
HERVK13-int_00028	30.233263388487973	-0.41669183946392907	0.47946835277009564	-0.8690705800633565	0.3848085271827623	0.8155759675310773	ENV | INT | ORFX | RNaseH	0.655	HERVK13	ENV:0.66 | RNaseH:0.60 | INT:0.54 | ORFX:0.39
HERVH-int_01300	32.60405845597077	-0.36340427033340994	0.4202668517280816	-0.8646988665395325	0.38720409175035403	0.8189953213386276	GAG	0.082	HERVH	GAG:0.08
HERV9-int_00086	105.71422363876204	0.3709712262672143	0.43297574171120334	0.8567944818364759	0.3915584758886253	0.8199715715744902	NA	NA	NA	NA
HERVH-int_00423	9.189776576907834	0.5703409632334276	0.66681153326552145	0.8553255826880252	0.3923709286352697	0.8199715715744902	AP | GAG | INT | RT	0.926	HERVH	AP:0.93 | INT:0.38 | RT:0.37 | GAG:0.13
HUERS-P3-int_00033	47.82322201022684	-0.5339326624313243	0.6268832314887345	-0.8517258647409194	0.394366261557274	0.8199715715744902	GAG | INT | RNaseH | RT	0.707	HUERS-P3	RNaseH:0.71 | RT:0.52 | INT:0.21 | GAG:0.09
LTR25-int_00287	12.330524090789403	-0.5929220282259797	0.6948953586141046	-0.8532536890280864	0.39351863583023855	0.8199715715744902	NA	NA	NA	NA
LTR49-int_00419	9.316984558073067	-0.5430048090177156	0.635058489550177	-0.8550469255238765	0.39252517006583815	0.8199715715744902	NA	NA	NA	NA
MER21-int_00104	16.510515699187863	-0.5266560114086938	0.6205343927194055	-0.8487136532444193	0.3960406470847918	0.8199715715744902	NA	NA	NA	NA
MER4-int_00758	26.977759973805753	-1.406714682923207	1.6367168849106302	-0.8594734348329387	0.3900793701588201	0.8199715715744902	NA	NA	NA	NA
MER41-int_00468	11.734942364830694	0.4715763286688473	0.5548571673471233	0.849905807153114	0.395377456717404	0.8199715715744902	NA	NA	NA	NA
MER57A-int_00495	9.945062761409657	0.7563381697437094	0.8916107631190081	0.848282906655263	0.39628043478194086	0.8199715715744902	NA	NA	NA	NA
MER61-int_00405	101.81991968422736	0.28993511020877033	0.3375131640206088	0.8590334870347951	0.3903220411231381	0.8199715715744902	NA	NA	NA	NA
MLT1-int_00167	10.870044092024424	-0.5420025876722676	0.6371326025434422	-0.8506903986840193	0.3949413580810648	0.8199715715744902	NA	NA	NA	NA
ERVL40-int_00360	10.828561365265408	-0.48556832896620417	0.5749648541859078	-0.8445182786932601	0.39837985357190236	0.8200659669745772	NA	NA	NA	NA
HERV17-int_00349	74.07896866473169	1.0401678234344693	1.2510437100127307	0.8314400329177024	0.40572509158818626	0.8200659669745772	RT	0.347	HERV17	RT:0.35
HERV9-int_00097	10.646770094667772	-0.5700946765068722	0.6828009185683341	-0.8349354270088282	0.4037540665667596	0.8200659669745772	ENV	0.496	HERV9	ENV:0.50
HERVE-int_00080	631.3216592674252	0.30555432587106207	0.3667417621125207	0.8331593438145569	0.40475486846199454	0.8200659669745772	AP | ENV | INT | RNaseH | RT	0.824	HERVE	AP:0.82 | RNaseH:0.70 | INT:0.42 | RT:0.29 | ENV:0.13
HERVH-int_00396	28.696290273742484	0.8747479991635037	1.036005320997791	0.8443470138946987	0.3984755218038048	0.8200659669745772	GAG | INT | RT	0.483	HERVH	RT:0.48 | INT:0.20 | GAG:0.12
LTR19-int_00019	20.549728138427277	-0.47055962940900414	0.5612533132761227	-0.8384086441508461	0.40180123629105374	0.8200659669745772	ENV	0.111	LTR19	ENV:0.11
LTR25-int_00310	246.50731784970236	0.40598956583850665	0.48254985373418807	0.8413422213202979	0.4001562439541831	0.8200659669745772	NA	NA	NA	NA
LTR46-int_00015	46.794100023072666	0.5092528440556888	0.6069373871282878	0.8390533436491835	0.401439376030642	0.8200659669745772	AP | GAG | RNaseH | RT	0.838	LTR46	AP:0.84 | RNaseH:0.69 | RT:0.33 | GAG:0.11
MER21-int_00585	20.11285704098147	0.4794294897487162	0.5729064251334137	0.8368373415205993	0.40268400456232445	0.8200659669745772	NA	NA	NA	NA
MER31-int_00320	11.155734611765446	-0.476527690864391	0.5695916050423511	-0.8366129111558088	0.40281018584926853	0.8200659669745772	NA	NA	NA	NA
MER68-int_00067	16.448342958521405	0.5714826927252918	0.6843668995225719	0.8350530879327589	0.4036878183926333	0.8200659669745772	NA	NA	NA	NA
PRIMA4-int_00042	16.3120443266157	-0.41517113381994464	0.4986973244254899	-0.8325112517863029	0.4051204297802564	0.8200659669745772	RNaseH	0.371	PRIMA4	RNaseH:0.37
HERVK13-int_00021	30.841797162989188	-0.4612252711225525	0.5557456562932812	-0.8299215043781685	0.406583165660164	0.8202169064473829	NA	NA	NA	NA
HERV35I-int_00146	11.148558907837703	0.5867474519761848	0.7104218206376578	0.8259141751157562	0.4088527789549909	0.8232093453189913	NA	NA	NA	NA
MER31-int_00355	9.189174355659523	0.6750975683298116	0.821239267860884	0.8220473554415709	0.4110499456756694	0.8260447084883413	NA	NA	NA	NA
HERVH-int_01091	126.6891802626873	-0.3499152677440745	0.42958835149482255	-0.8145362101334624	0.4153378371245177	0.8293172158839862	AP | ENV | GAG | INT | RNaseH | RT	0.838	HERVH	AP:0.84 | RT:0.59 | RNaseH:0.47 | INT:0.19 | GAG:0.13 | ENV:0.11
HERVIP10FH-int_00103	79.74525034013088	0.37374444807207585	0.46106078565341435	0.8106185988956012	0.41758473265875395	0.8293172158839862	NA	NA	NA	NA
HERVK14C-int_00037	13.082067638491898	0.5594797173706809	0.6946199123903187	0.8054472775555847	0.42056161893402766	0.8293172158839862	ENV	0.116	HERVK14C	ENV:0.12
HERVK9-int_00068	39.99560481073698	-0.5452132220071141	0.6736720596077483	-0.8093154736513333	0.4183337079661376	0.8293172158839862	AP | DUT | ENV | GAG | INT | RNaseH | RT	0.985	HERVK9	DUT:0.98 | AP:0.80 | RNaseH:0.53 | INT:0.35 | ENV:0.25 | RT:0.25 | GAG:0.17
HERVL18-int_00097	24.82320715791774	-0.40990751972964906	0.510699766292127	-0.802638941281944	0.42218345374036736	0.8293172158839862	RT	0.07	HERVL18	RT:0.07
LOR1-int_00290	17.807796792638264	0.5149047233849866	0.6332887743836316	0.8130646621458496	0.4161809857268592	0.8293172158839862	NA	NA	NA	NA
LTR25-int_00311	16.511768688672802	-0.5357185706970095	0.665389624228278	-0.8051201148775627	0.42075036928802106	0.8293172158839862	NA	NA	NA	NA
MER4B-int_00189	47.85830279963673	-0.3049378022399618	0.37951790674392355	-0.8034872579694006	0.4216931586260227	0.8293172158839862	NA	NA	NA	NA
MER50-int_00279	23.58432644776774	-0.41536043006140394	0.515545204666885	-0.8056721821896984	0.4204318932794159	0.8293172158839862	NA	NA	NA	NA
MLT-int_00346	24.97302012530128	0.4042997434747005	0.500557735211842	0.80769852313559	0.4192641540051415	0.8293172158839862	NA	NA	NA	NA
MLT1J-int_00242	9.504464252952326	-0.49428066970154455	0.6136225934294558	-0.8055125006709336	0.42052399562958515	0.8293172158839862	NA	NA	NA	NA
PRIMA4-int_00041	2038.803506007658	-0.2278610338722909	0.2838315332482948	-0.8028038014823352	0.42208814460250205	0.8293172158839862	INT	0.251	PRIMA4	INT:0.25
THE1D-int_00163	38.25635995230503	-1.2450379119751076	1.556170659248274	-0.8000651500372956	0.4236730513195527	0.8306848028681117	NA	NA	NA	NA
HERVE_a-int_00109	24.690737719458102	0.34872145596214993	0.4373164934909846	0.79741208290224	0.42521174413161283	0.8321433572071002	NA	NA	NA	NA
ERVL-E-int_05074	51.25520411566243	0.2942057926857586	0.369811643135185	0.7955557867014246	0.42629027356579297	0.8326976052675098	NA	NA	NA	NA
HERVH-int_00794	106.45744990206973	-0.31764601052029806	0.40087934299940214	-0.7923731069394907	0.4281431555464237	0.8332079625596759	AP | ENV | GAG | RT	0.838	HERVH	AP:0.84 | ENV:0.31 | RT:0.29 | GAG:0.12
MER68-int_00052	605.9200082238219	0.2557534353703543	0.32244950124517613	0.7931581050140649	0.42768571302078057	0.8332079625596759	NA	NA	NA	NA
ERVL-B4-int_00810	12.19525070640928	-0.4918505666502673	0.6222074498115824	-0.7904928923612375	0.42923997150967674	0.8337926719306707	NA	NA	NA	NA
HERV1_I-int_00027	9.756383899536608	0.7984655516673881	1.0155276250575018	0.7862568501001407	0.4317170263744189	0.8367121938630881	GAG	0.112	HERV1_I	GAG:0.11
MER51-int_00252	130.04149148092608	0.38703496570796614	0.49291788254835295	0.7851915692468305	0.4323412577649768	0.8367121938630881	NA	NA	NA	NA
ERVL40-int_00931	109.10603697030608	-0.2762642860897711	0.3526478751942067	-0.783399831737621	0.4333923549403677	0.8371988849124815	NA	NA	NA	NA
HERVIP10B3-int_00058	10.68684592060501	0.44492155203759326	0.5697738990887645	0.7808738742668859	0.4348766793161215	0.8385191219962785	ENV | INT | RNaseH	0.397	HERVIP10B3	INT:0.40 | ENV:0.33 | RNaseH:0.20
ERVL-E-int_03946	18.50793803290034	0.4705223031604844	0.6047347931250324	0.778063886036736	0.43653135155370804	0.8400092905830788	NA	NA	NA	NA
HERVFH21-int_00020	190.96338908831115	-0.28741444142482087	0.3699797054898278	-0.7768383972420969	0.43725411973999806	0.8400092905830788	AP | ENV | GAG | RNaseH | RT	1	HERVFH21	AP:1.00 | RT:0.69 | RNaseH:0.59 | ENV:0.25 | GAG:0.05
HERV17-int_00348	81.64712638125435	0.992259366779659	1.2798522029359485	0.7752921505338204	0.43816704658180455	0.8402214244892846	AP | GAG | RT	0.345	HERV17	RT:0.34 | AP:0.34 | GAG:0.05
HERVK13-int_00017	9.995204594357135	-0.5641050966252357	0.730682947011576	-0.7720244449831107	0.4400999494700318	0.8408478961589841	NA	NA	NA	NA
LTR46-int_00031	16.149073630678277	-0.4909543405133347	0.634914357169014	-0.7732607318921326	0.43936809032174257	0.8408478961589841	AP | GAG | RT	0.985	LTR46	AP:0.98 | RT:0.34 | GAG:0.08
MER4-int_01037	21.204914269459334	0.4660162832892557	0.6059280814319592	0.7690950420847685	0.4418368912275995	0.841096772936903	NA	NA	NA	NA
MER66-int_00016	172.23135841048548	-0.2365438785741238	0.30721253151672484	-0.7699681956536535	0.44131875892093064	0.841096772936903	NA	NA	NA	NA
LTR53-int_00153	81.56207647553659	0.27856767003191385	0.3640761433852301	0.7651357417757542	0.4441907186326675	0.8440429807775007	NA	NA	NA	NA
HERVIP10F-int_00006	9.601846427523032	-0.5360561584090267	0.7028569430082926	-0.7626817430509497	0.4456532212447214	0.8452879033391727	ENV	0.299	HERVIP10F	ENV:0.30
HERV3-int_00045	263.70174104460176	-0.37325577681226646	0.49145440528696493	-0.7594921783116764	0.44755819122536944	0.8473660510180141	NA	NA	NA	NA
MER4-int_00630	9.663428752270654	-0.5077110932110511	0.6714114480096581	-0.7561847429264384	0.4495384389852266	0.849578963208542	NA	NA	NA	NA
ERVL-E-int_00891	9.87027059999315	0.4807147987838784	0.6433245981937219	0.7472352217427921	0.4549215866932755	0.8520624351840062	NA	NA	NA	NA
LOR1-int_00286	23.99130237921855	0.39638484550637476	0.5297182738903526	0.7482936969405424	0.454283025543265	0.8520624351840062	NA	NA	NA	NA
LTR38-int_00064	29.548461211385664	-0.3696518399094742	0.49326045912907285	-0.7494049706764482	0.45361315591509693	0.8520624351840062	NA	NA	NA	NA
MER4B-int_00484	8.333360356120723	-0.4837795894815201	0.644407911699109	-0.7507350246615369	0.45281213991253577	0.8520624351840062	NA	NA	NA	NA
PRIMA41-int_00037	12.00175263183425	0.6889585093029043	0.9171540493367636	0.7511916998034539	0.4525372947354304	0.8520624351840062	RNaseH	0.864	PRIMA41	RNaseH:0.86
MLT1-int_00253	41.73949497424513	0.36087468066785017	0.48497838271924365	0.7441046725514822	0.4568131527372321	0.854077448064075	NA	NA	NA	NA
HERV17-int_00344	63.57925842288832	-0.43206069408823905	0.5931282608017959	-0.7284439515732662	0.46634186673178385	0.8618524505403713	ENV | RT	0.954	HERV17	ENV:0.95 | RT:0.39
HERVE_a-int_00037	81.6684486162311	-0.31483944057326496	0.42975217721783227	-0.7326069703974519	0.4637981785293692	0.8618524505403713	NA	NA	NA	NA
HERVK9-int_00032	223.08629723722768	-1.0169845714056318	1.4011188936706094	-0.725837454622688	0.46793842282583364	0.8618524505403713	AP | DUT | ENV | GAG | INT | RNaseH | RT	0.724	HERVK9	DUT:0.72 | RNaseH:0.62 | AP:0.49 | GAG:0.43 | INT:0.35 | RT:0.32 | ENV:0.23
HUERS-P2-int_00080	154.20011971554334	-0.34128366027095763	0.4714515127360649	-0.7238998095272211	0.4691272469333678	0.8618524505403713	NA	NA	NA	NA
MER101-int_00131	135.33866249477413	-0.22710711201088316	0.3112156244709848	-0.7297419992872395	0.46554790363127485	0.8618524505403713	NA	NA	NA	NA
MER4-int_00992	23.480139086822255	-0.42241794563182566	0.5836308691479558	-0.723775879518701	0.46920333983573226	0.8618524505403713	NA	NA	NA	NA
MER41-int_00913	81.20215666632274	0.5711666124620317	0.7850803840894112	0.7275262814323262	0.4669036215388821	0.8618524505403713	NA	NA	NA	NA
MER4B-int_00282	15.451433693146807	0.6116385174432325	0.8377484596240815	0.7300980508131162	0.4653302527146635	0.8618524505403713	NA	NA	NA	NA
MER61-int_00232	50.01434545593952	-0.28835751979611246	0.39568789952815364	-0.728749906529794	0.4661546588263111	0.8618524505403713	NA	NA	NA	NA
MER66-int_00180	9.759159219858342	-0.47583685720139923	0.6499641105619081	-0.7320971257782648	0.46410928801442325	0.8618524505403713	NA	NA	NA	NA
ERVL-E-int_02494	12.382907330844509	0.5787889163071046	0.8031719379271594	0.7206289076792866	0.47113786319645057	0.8638902675423533	NA	NA	NA	NA
ERVL-B4-int_01306	9.637139470703897	-0.49186778186682634	0.7005207800431908	-0.7021458832905714	0.48258819048379686	0.8651880743776289	NA	NA	NA	NA
ERVL-E-int_01646	44.918963263146615	0.3573985975244435	0.5063561703745185	0.7058245133264578	0.48029727573084485	0.8651880743776289	NA	NA	NA	NA
ERVL40-int_00102	15.90881854885338	-0.3934506670700991	0.5564353881917218	-0.7070913809934287	0.47950969181311986	0.8651880743776289	NA	NA	NA	NA
ERVL40-int_00425	50.39266651478672	0.44472595890747846	0.6298884023287128	0.7060392876949564	0.48016370558851906	0.8651880743776289	NA	NA	NA	NA
HERVH-int_00898	29.397535434533914	0.6617713604268053	0.9316586326567572	0.7103152777532583	0.4775086478438334	0.8651880743776289	AP | GAG | RT	0.456	HERVH	AP:0.46 | GAG:0.10 | RT:0.09
HERVIP10FH-int_00105	109.92760059037151	0.2808547971461179	0.3977882498605306	0.7060409583354688	0.480162666681297	0.8651880743776289	NA	NA	NA	NA
HERVIP10FH-int_00326	73.93825310530589	-0.3052513162813574	0.434444230057912	-0.7026248599058779	0.48228956572026355	0.8651880743776289	ENV | INT | RNaseH	0.429	HERVIP10FH	RNaseH:0.43 | ENV:0.35 | INT:0.18
HERVK9-int_00080	14.808325174211541	-0.5807365229976374	0.812435199020199	-0.7148096533705195	0.47472666938170677	0.8651880743776289	AP | DUT | ENV | INT | ORFX | RNaseH | RT	0.889	HERVK9	AP:0.89 | DUT:0.40 | RT:0.39 | RNaseH:0.38 | INT:0.34 | ENV:0.25 | ORFX:0.20
HUERS-P2-int_00081	86.78941249171932	-0.3970239409923211	0.5582765456389529	-0.7111599870955054	0.4769851006189814	0.8651880743776289	NA	NA	NA	NA
MER4-int_01185	438.75480095024017	0.23368474997257885	0.33147523053096434	0.7049840484257526	0.48082016317281684	0.8651880743776289	NA	NA	NA	NA
MER41-int_00188	17.714123807219554	0.45784601766042277	0.6507911405541049	0.7035222041753636	0.4817303742014991	0.8651880743776289	NA	NA	NA	NA
MER50-int_00280	15.312667948539165	-0.41754695830990823	0.5910726270438015	-0.7064224245981973	0.47992547953961356	0.8651880743776289	INT | RNaseH | RT	0.441	MER50	RT:0.44 | RNaseH:0.29 | INT:0.18
MER83B-int_00068	16.821076298364318	0.5260713448186946	0.7342372335078506	0.7164868802762366	0.4736907657214322	0.8651880743776289	GAG	0.059	MER83B	GAG:0.06
HERV3-int_00100	11.589475927697265	-0.5415067355687644	0.7747963139332087	-0.6989020544249065	0.48461324351680285	0.8673334460890472	RNaseH	0.379	HERV3	RNaseH:0.38
LTR37-int_00610	28.449076969938417	0.3884589958305255	0.5581040188869991	0.6960333247648193	0.4864079602252343	0.8675794452398983	NA	NA	NA	NA
MER89-int_00244	25.029705527258944	-0.38764267843435085	0.556500991545567	-0.6965714065625527	0.4860710553106646	0.8675794452398983	NA	NA	NA	NA
HERVH-int_00066	555.5779907201296	0.21158113408461582	0.3055968022601662	0.6923538876054361	0.48871511662007805	0.8702121209204451	AP | ENV | GAG | INT | RNaseH | RT	0.879	HERVH	RNaseH:0.88 | AP:0.41 | RT:0.26 | INT:0.16 | ENV:0.09 | GAG:0.08
HERV15-int_00018	608.6248112876204	0.262997939490472	0.3843461951660754	0.6842735606549482	0.4938024391176085	0.874884911667879	AP | INT | RNaseH | RT	0.838	HERV15	AP:0.84 | RNaseH:0.76 | INT:0.30 | RT:0.12
HERV16-int_01827	32.62886459707049	-0.27548629628343374	0.4037314209719018	-0.6823503992338673	0.49501741149228123	0.874884911667879	NA	NA	NA	NA
Harlequin-int_00115	31.2803833135613	-0.40616289372729186	0.5959677273181329	-0.681518268707323	0.4955436111538151	0.874884911667879	NA	NA	NA	NA
LTR37-int_00895	16.10870648612304	0.47476579053985246	0.6972898962508405	0.6808728953230981	0.49595192004212285	0.874884911667879	NA	NA	NA	NA
PABL_A-int_00210	22.647775854135997	-0.30432779148401395	0.4473835265060344	-0.6802391537765061	0.49635304444194855	0.874884911667879	NA	NA	NA	NA
PRIMA41-int_00233	63.39466828710321	-0.2446647893848778	0.35627253901816675	-0.6867349082226123	0.49224979481736036	0.874884911667879	NA	NA	NA	NA
LTR23-int_00211	19.555492749681765	0.3328722409946627	0.49133543024654963	0.677484709025826	0.4980984685986403	0.8764858766769351	NA	NA	NA	NA
ERVL-E-int_05472	63.1555360616935	-0.26511929070956514	0.39243762363953383	-0.6755705231593326	0.4993133617773122	0.8771494794980637	NA	NA	NA	NA
HERVIP10F-int_00007	13.17035999329967	-0.37851665986785965	0.562715151050276	-0.6726612197332517	0.5011628445745286	0.8789237826960327	ENV | INT	0.513	HERVIP10F	INT:0.51 | ENV:0.10
ERV24B_Prim-int_00154	142.31587659149952	-0.2079478105943348	0.3138024977220981	-0.6626709860623617	0.5075412957983019	0.8856595611680368	INT	0.104	ERV24B_Prim	INT:0.10
ERVL40-int_00427	39.14149575198102	0.38631464984338154	0.5815514631103628	0.6642828267978572	0.5065093102906824	0.8856595611680368	NA	NA	NA	NA
HERVH-int_00380	34.93586668605122	-0.7933015261152792	1.1951589287157522	-0.6637623725638853	0.5068424119050703	0.8856595611680368	AP | GAG | INT | RT	0.706	HERVH	AP:0.71 | RT:0.51 | INT:0.16 | GAG:0.14
MLT1F-int_00138	32.705137522706984	-0.259369573802884	0.3930494925346208	-0.6598903668093098	0.5093241865331191	0.8872918856908081	NA	NA	NA	NA
HERVK3-int_00081	1332.029015483621	-0.16994876018227198	0.25889420397323615	-0.6564409614973106	0.5115404423176635	0.8896724968548068	DUT | GAG | RT	0.603	HERVK3	GAG:0.60 | DUT:0.55 | RT:0.53
MER4-int_00208	20.519817290320244	-0.2986557743080187	0.4566938264712426	-0.6539518535112597	0.51314282506986	0.8909793330814981	NA	NA	NA	NA
ERV3-16A3_I-int_02428	20.852277044594935	0.3635893579232293	0.559577517727224	0.649756908390425	0.515849257757981	0.8912445096907691	NA	NA	NA	NA
ERVL40-int_00645	16.281924181068014	0.3793508000886417	0.5835412837491978	0.6500839112039315	0.5156380210908439	0.8912445096907691	NA	NA	NA	NA
HERVH-int_00491	7.945514898465712	-0.5760193866549532	0.884818989748957	-0.6510025138795709	0.5150448641166048	0.8912445096907691	AP | GAG | INT | RT	0.985	HERVH	AP:0.98 | RT:0.51 | INT:0.15 | GAG:0.14
ERV24_Prim-int_00076	28.276352791021424	-0.25673260445561563	0.41541029751479575	-0.6180217630413255	0.5365609928752034	0.8917617842192912	INT	0.197	ERV24_Prim	INT:0.20
ERVL-B4-int_00734	53.02624001737099	0.2774310229435632	0.43388970756334216	0.6394044802343276	0.5225598351589201	0.8917617842192912	NA	NA	NA	NA
ERVL-B4-int_01338	29.336033080041233	-0.36123069174104866	0.5911327048057219	-0.6110822304439552	0.5411451430680043	0.8917617842192912	DUT	0.219	ERVL-B4	DUT:0.22
ERVL-B4-int_01955	10.215716427918354	-0.3557085356840662	0.5666745599714491	-0.6277122016947222	0.5301924906826442	0.8917617842192912	NA	NA	NA	NA
ERVL-E-int_00002	27.96078802874084	0.5524909683241824	0.9742723357469022	0.5670806283344058	0.5706594034641118	0.8917617842192912	NA	NA	NA	NA
ERVL-E-int_00016	9.922995995386307	-0.4227648855449446	0.6966694294697874	-0.6068371420670738	0.5439589964767744	0.8917617842192912	NA	NA	NA	NA
ERVL-E-int_00225	35.83068135691192	0.2722982359368449	0.46192863390949485	0.589481179445992	0.5555385337287431	0.8917617842192912	NA	NA	NA	NA
ERVL-E-int_00345	9.776750750253067	-0.32528067277085315	0.5688238909576068	-0.571847768600661	0.5674251120354987	0.8917617842192912	NA	NA	NA	NA
ERVL-E-int_00567	27.199985376462546	0.5250992391715498	0.8840507739073049	0.5939695486614752	0.5525324802533194	0.8917617842192912	NA	NA	NA	NA
ERVL-E-int_02133	58.48919930763462	0.3627481244945059	0.6134801398655326	0.5912956278813131	0.5543223585269954	0.8917617842192912	NA	NA	NA	NA
ERVL-E-int_02456	37.60205947959863	-0.32295569141936487	0.538173529971443	-0.6000958304963491	0.5484423711781257	0.8917617842192912	NA	NA	NA	NA
ERVL-E-int_03948	15.838176190306331	0.292782940939495	0.5016239192193502	0.5836702153181551	0.5594422098330694	0.8917617842192912	NA	NA	NA	NA
ERVL-int_00238	199.183607766052	-0.18386964546147247	0.30682625907525696	-0.599263068342445	0.5489974715678035	0.8917617842192912	NA	NA	NA	NA
ERVL-int_00481	38.115216418811805	0.43849537107139874	0.7317881010601627	0.599210851387359	0.5490322874418132	0.8917617842192912	NA	NA	NA	NA
ERVL47-int_00037	15.970669501190327	-0.43555321397772334	0.7305220702442815	-0.5962218415003908	0.5510270363538046	0.8917617842192912	RT	0.062	ERVL47	RT:0.06
HERV15-int_00004	16.194395593524135	0.33346789197769394	0.5828031874918304	0.5721792521636963	0.5672005421077098	0.8917617842192912	AP | GAG | RT	1	HERV15	AP:1.00 | RT:0.49 | GAG:0.15
HERV16-int_02521	196.64676306834977	0.2266717231729385	0.36872713752702907	0.6147410919987483	0.5387257178583372	0.8917617842192912	NA	NA	NA	NA
HERV17-int_00129	23.341962258613528	0.5237551434973458	0.8809258145140876	0.5945507951611628	0.5521437790253084	0.8917617842192912	INT	0.131	HERV17	INT:0.13
HERV3-int_00141	15.780622009019918	0.6808861842817869	1.1029117986566845	0.6173532508321038	0.5370017501681033	0.8917617842192912	NA	NA	NA	NA
HERV4_I-int_00019	10.321427520060242	0.4623516211644801	0.7411381692230612	0.6238399806734628	0.5327326801173073	0.8917617842192912	GAG | INT | RNaseH | RT	0.936	HERV4_I	RNaseH:0.94 | RT:0.29 | INT:0.25 | GAG:0.19
HERV9NC-int_00040	5424.521824083705	0.2376941079099467	0.41750136947109356	0.56932533709067	0.5691353752455057	0.8917617842192912	AP | ENV | GAG | RNaseH | RT	0.956	HERV9NC	AP:0.96 | RT:0.95 | RNaseH:0.58 | ENV:0.37 | GAG:0.20
HERVE-int_00075	235.1488483251441	-0.2128067260367334	0.33190924896318813	-0.6411593732367961	0.5214191421427853	0.8917617842192912	AP | ENV | GAG | INT | RNaseH | RT	1	HERVE	AP:1.00 | RT:1.00 | ENV:0.83 | RNaseH:0.69 | GAG:0.30 | INT:0.14
HERVH-int_00153	33.644785512690476	0.33771223135278894	0.5858923232715975	0.5764066500598922	0.5643403505503664	0.8917617842192912	AP | GAG | RT	0.971	HERVH	AP:0.97 | RT:0.25 | GAG:0.13
HERVH-int_00227	266.14455935740284	0.33617930857273337	0.5927371022500599	0.5671642745098624	0.5706025776659666	0.8917617842192912	GAG | INT | RT	0.37	HERVH	RT:0.37 | INT:0.20 | GAG:0.14
HERVH-int_01033	31.24694696949086	-0.3855717025929175	0.6703271781494222	-0.5751992685980128	0.5651565373870338	0.8917617842192912	AP | INT | RT	0.912	HERVH	AP:0.91 | RT:0.23 | INT:0.20
HERVH-int_01070	9.027135041853747	-0.41296655300890184	0.6530426118437249	-0.6323730573154788	0.527143135097003	0.8917617842192912	AP | ENV | INT | RNaseH | RT	0.985	HERVH	AP:0.98 | RNaseH:0.60 | RT:0.17 | INT:0.14 | ENV:0.08
HERVH-int_01262	10.029652563842546	-0.4393681170574514	0.7425067853547848	-0.5917361641988395	0.5540272757247343	0.8917617842192912	AP | GAG | RT	0.721	HERVH	AP:0.72 | RT:0.51 | GAG:0.13
HERVI-int_00025	170.83307887872945	-0.2519096165565747	0.4374846926331215	-0.5758135559906967	0.5647412097454876	0.8917617842192912	NA	NA	NA	NA
HERVIP10B3-int_00013	11.00807213363566	0.4380487702018621	0.7505125714536733	0.5836661328049472	0.5594449570466643	0.8917617842192912	ENV | INT | RNaseH	0.593	HERVIP10B3	RNaseH:0.59 | INT:0.34 | ENV:0.30
HERVIP10B3-int_00078	59.162027606048525	0.23350638439283838	0.3862915143800602	0.6044823033909533	0.5455230312471957	0.8917617842192912	NA	NA	NA	NA
HERVIP10B3-int_00081	755.3746627349061	0.17773357242987348	0.27768291699903674	0.6400594402805485	0.5221339565364262	0.8917617842192912	ENV | INT | RNaseH | RT	0.571	HERVIP10B3	RNaseH:0.57 | RT:0.40 | ENV:0.36 | INT:0.29
HERVK14-int_00112	20.855022520950115	-0.30351466759923235	0.5039852166835158	-0.602229306638231	0.5470215102855582	0.8917617842192912	DUT | GAG	0.412	HERVK14	GAG:0.41 | DUT:0.31
HERVK22-int_00100	319.3884566412916	0.18463405742474634	0.32349656872641414	0.570745025678755	0.5681724927751444	0.8917617842192912	DUT | ENV | GAG | INT | RNaseH | RT	0.795	HERVK22	RT:0.80 | RNaseH:0.75 | DUT:0.39 | INT:0.34 | GAG:0.33 | ENV:0.27
HERVK22-int_00118	52.18636312608501	0.20936899164015635	0.36117794519330837	0.5796837664827476	0.5621278925510815	0.8917617842192912	GAG | INT | RNaseH | RT	0.971	HERVK22	RNaseH:0.97 | RT:0.35 | INT:0.29 | GAG:0.17
HERVK9-int_00086	27.8968876029793	0.7446471448889574	1.2808923203753104	0.5813503079406165	0.5610043810481733	0.8917617842192912	AP | DUT | ENV | INT | RT	0.933	HERVK9	AP:0.93 | DUT:0.60 | RT:0.31 | ENV:0.15 | INT:0.13
HERVK9-int_00116	36.40614317193389	-0.22749529804901142	0.37930628235329017	-0.5997667548177326	0.5486616924428338	0.8917617842192912	AP | DUT | ENV | INT | RNaseH | RT	0.789	HERVK9	AP:0.79 | RNaseH:0.68 | DUT:0.52 | INT:0.47 | RT:0.22 | ENV:0.14
HERVK9-int_00159	7.434371576621764	-0.5025111051695662	0.8061358387925278	-0.6233578523468867	0.5330493884149184	0.8917617842192912	AP | DUT | ENV | GAG | INT | RNaseH | RT	0.8	HERVK9	AP:0.80 | DUT:0.74 | RNaseH:0.35 | RT:0.35 | ENV:0.25 | GAG:0.13 | INT:0.13
HERVL18-int_00159	93.26373449169682	-0.27848393361931584	0.44673224265943623	-0.6233799735642016	0.5330348549857767	0.8917617842192912	RT	0.182	HERVL18	RT:0.18
HERVL66-int_00020	32.42187899233414	-0.2481882632784493	0.43092977425926987	-0.5759366794858001	0.5646579820269183	0.8917617842192912	DUT	0.412	HERVL66	DUT:0.41
HERVS71-int_00066	41.40383440992878	-0.6555868107002183	1.0399904837535578	-0.6303777014709395	0.5284474964226824	0.8917617842192912	GAG | INT | RNaseH	0.251	HERVS71	INT:0.25 | RNaseH:0.24 | GAG:0.19
LOR1-int_00597	12.689110648904107	-0.40554145317438267	0.702431615115029	-0.577339408488856	0.5637101969335011	0.8917617842192912	NA	NA	NA	NA
LTR46-int_00029	16.549604948931453	-0.3705418868084692	0.6138042646074965	-0.603680860779643	0.5460558411574221	0.8917617842192912	INT	0.158	LTR46	INT:0.16
MER31-int_00268	22.865084502800446	-0.3978419378917213	0.6722592009441463	-0.5917984273520943	0.5539855764310194	0.8917617842192912	NA	NA	NA	NA
MER34B-int_00304	93.47306126669451	-0.19584552126312485	0.32671102030466725	-0.5994457153006145	0.548875699511983	0.8917617842192912	NA	NA	NA	NA
MER4-int_00064	9.389132835558826	-0.49356799071354823	0.77717470283733	-0.6350798461550757	0.5253763406475853	0.8917617842192912	NA	NA	NA	NA
MER4-int_00691	9.290243637197309	0.40379941810730724	0.6320709790307085	0.6388513814169106	0.5229196188751786	0.8917617842192912	NA	NA	NA	NA
MER4-int_01036	74.85579215317435	0.27747836307005314	0.446023943195384	0.6221153982948887	0.5338659905003855	0.8917617842192912	NA	NA	NA	NA
MER4-int_01369	13.77557186859553	0.401459033670911	0.6969835402855542	0.5759949991163826	0.5646185617992721	0.8917617842192912	NA	NA	NA	NA
MER50-int_00148	13.304078877597394	-0.40114679790048313	0.6385945155411158	-0.6281713797065258	0.5298916769767228	0.8917617842192912	NA	NA	NA	NA
MER51-int_00378	16.000982021701788	-0.329908175487925	0.5401600351458978	-0.6107600600233529	0.541358438238603	0.8917617842192912	NA	NA	NA	NA
MER57-int_00693	23.068303837049037	-0.30574148011146124	0.5116358656851667	-0.5975763245252985	0.5501226655390703	0.8917617842192912	NA	NA	NA	NA
MER57-int_00785	43.93371253812336	0.27253901526384405	0.4643132810923295	0.5869722585205337	0.5572223383524195	0.8917617842192912	NA	NA	NA	NA
MER61-int_00006	14.440817176539078	-0.3859316183692096	0.6234251384920272	-0.6190504593746746	0.5358831179848068	0.8917617842192912	NA	NA	NA	NA
MER61-int_00301	18.775036241413844	-1.17758864258365	1.8364572105795556	-0.641228467398934	0.521374256675743	0.8917617842192912	NA	NA	NA	NA
MER61-int_00341	10.970227065324947	0.36124781290386443	0.5988128291160763	0.6032733357385012	0.5463268682315288	0.8917617842192912	NA	NA	NA	NA
MER68-int_00050	843.536641614844	0.19578807040243712	0.31510663248101345	0.621339096739686	0.5343765347401681	0.8917617842192912	NA	NA	NA	NA
MER68-int_00070	77.78064164736568	0.31594118127530485	0.5414159815384164	0.5835460940358058	0.5595257367199742	0.8917617842192912	NA	NA	NA	NA
MER92-int_00190	31.76710465598328	0.2774676526263721	0.4812682728521221	0.576534270547331	0.5642541125888982	0.8917617842192912	NA	NA	NA	NA
MLT-int_00041	8.821137276490308	-0.4179344467091906	0.7037122083623062	-0.5938996677090717	0.5525792212943716	0.8917617842192912	NA	NA	NA	NA
MLT1J-int_00037	10.082333639200701	0.34018790749599587	0.5961628386332171	0.5706291728547221	0.5682510390069442	0.8917617842192912	NA	NA	NA	NA
MST-int_00578	35.736339064718514	-0.3283448618519952	0.5389270352763198	-0.6092566161273493	0.5423543584925861	0.8917617842192912	NA	NA	NA	NA
PABL_A-int_00018	14.046431596486416	0.5098587359696836	0.8793322077073212	0.5798249302149819	0.5620326838312195	0.8917617842192912	NA	NA	NA	NA
PRIMA41-int_00165	36.29943346079187	-0.30845014648609514	0.5269550503063006	-0.5853443216965163	0.5583162186330117	0.8917617842192912	NA	NA	NA	NA
THE1D-int_00061	93.66070078751534	0.23043404767750708	0.36468245208411026	0.6318758864338222	0.5274679812713146	0.8917617842192912	NA	NA	NA	NA
LTR53-int_00025	12.197723916327451	-0.332748623482558	0.5885507874075283	-0.5653694304755963	0.5718225127057273	0.8922476465020811	NA	NA	NA	NA
LTR49-int_01059	79.67875809524438	0.23620379846783748	0.41880526390219763	0.5639943401547061	0.5727579840125476	0.8923773947338353	NA	NA	NA	NA
HERVE-int_00172	73.48031253327642	0.21578641971020385	0.38352122963361907	0.5626453062750825	0.5736764344606569	0.8924802776824781	ENV | INT | RNaseH	0.55	HERVE	RNaseH:0.55 | INT:0.46 | ENV:0.40
ERV24_Prim-int_00289	21.500449383119182	-0.3614905251312833	0.6774278445322487	-0.5336221828627162	0.5936029576000825	0.8936958611911316	NA	NA	NA	NA
ERV3-16A3_I-int_01151	8.354625244516413	-0.5374170218215407	0.9766781388477338	-0.5502498729577127	0.5821480005638872	0.8936958611911316	NA	NA	NA	NA
ERVL-E-int_01022	51.728131402146275	0.296142417796424	0.5418615570503709	0.5465278242074938	0.5847031669289855	0.8936958611911316	NA	NA	NA	NA
ERVL-E-int_06219	18.12677539381595	-0.29349896910571516	0.535507343308864	-0.5480764601512366	0.5836394032424623	0.8936958611911316	NA	NA	NA	NA
HERV3-int_00053	182.99875590490979	-0.2725660188494785	0.5219780575333859	-0.5221790742267841	0.6015456543445135	0.8936958611911316	NA	NA	NA	NA
HERV3-int_00086	11.162727873355585	-0.29159731061864985	0.5554200624399959	-0.5250032008884307	0.5995809657887627	0.8936958611911316	GAG	0.221	HERV3	GAG:0.22
HERV9NC-int_00075	9.502421300940474	-0.33309778403705415	0.6031027292920688	-0.5523068755269097	0.5807381207514498	0.8936958611911316	AP | GAG | RNaseH | RT	0.479	HERV9NC	RNaseH:0.48 | RT:0.34 | AP:0.29 | GAG:0.18
HERVE-int_00128	164.13981936148932	0.18115714835054217	0.3363086660702508	0.5386633370687529	0.5901191757985282	0.8936958611911316	AP | GAG | INT | RNaseH | RT	0.985	HERVE	AP:0.98 | RT:0.58 | RNaseH:0.56 | INT:0.39 | GAG:0.17
HERVFH19-int_00056	52.79483125345228	-0.33045776850883496	0.619527814847143	-0.5334026343762617	0.5937548943027009	0.8936958611911316	NA	NA	NA	NA
HERVH-int_00044	708.362833971268	0.7044371682457917	1.2932153918967355	0.5447175873870528	0.5859477668873059	0.8936958611911316	AP | GAG | INT | RT	0.838	HERVH	AP:0.84 | RT:0.20 | GAG:0.13 | INT:0.10
HERVH-int_00326	28.112064823636917	-0.21669226973447311	0.41523576809962187	-0.5218535742385398	0.6017722847562061	0.8936958611911316	ENV | INT | RNaseH	0.443	HERVH	RNaseH:0.44 | INT:0.21 | ENV:0.08
HERVK-int_00082	26.797561626893163	0.35970245440625	0.6696856724669181	0.5371213230248986	0.5911838127817617	0.8936958611911316	AP | DUT | ENV | GAG | INT	1	HERVK	DUT:1.00 | GAG:1.00 | AP:0.58 | INT:0.47 | ENV:0.27
HERVK11-int_00040	663.3060897058441	-0.15694796063071906	0.2913872881014319	-0.5386232242776682	0.5901468592722479	0.8936958611911316	ENV	0.27	HERVK11	ENV:0.27
Harlequin-int_00095	49.073418629545344	-0.31603128052240537	0.594225687011737	-0.531837124227454	0.5948388080715774	0.8936958611911316	ENV	0.091	Harlequin	ENV:0.09
LOR1-int_00532	14.375163787395937	-0.27121863950210495	0.49574127553979297	-0.5470971510427204	0.5843119894522659	0.8936958611911316	NA	NA	NA	NA
LTR19-int_00131	15.374036084916819	0.5892031506863258	1.125060190463582	0.5237081141796903	0.6004815710928365	0.8936958611911316	ENV	0.212	LTR19	ENV:0.21
LTR46-int_00042	1475.154816614536	0.15991693055212988	0.30258548251901074	0.5285016624751079	0.5971511935065237	0.8936958611911316	ENV	0.418	LTR46	ENV:0.42
MER21-int_00557	21.787728193394404	0.25098240535533495	0.4655315681769713	0.53913079694721	0.589796606774915	0.8936958611911316	NA	NA	NA	NA
MER4-int_00212	27.939350718440807	-0.24634979713628435	0.4523226025740389	-0.5446329582788433	0.5860059823701049	0.8936958611911316	NA	NA	NA	NA
MER4-int_00229	11.732029519572071	-0.319263368067202	0.5955741531261011	-0.5360598111778775	0.5919172143084508	0.8936958611911316	NA	NA	NA	NA
MER4-int_00885	689.7163095352126	-0.1906367455378562	0.3456000257403618	-0.5516109124397909	0.5812149583392785	0.8936958611911316	NA	NA	NA	NA
MER41-int_00189	14.351552428418223	0.2894740178745745	0.5529323913684775	0.5235251585788673	0.6006088479842283	0.8936958611911316	NA	NA	NA	NA
MER4B-int_00483	44.19541468481221	0.2577432723534375	0.47921155124049736	0.5378486217334238	0.5906815613495091	0.8936958611911316	NA	NA	NA	NA
MER57A-int_00644	8.895462972961452	-0.3910895002692633	0.7274455404230217	-0.5376203145624321	0.5908392025283137	0.8936958611911316	NA	NA	NA	NA
MER57A-int_00739	841.781702882493	0.1709793011762156	0.32191660509150305	0.5311291759168982	0.5953292674928663	0.8936958611911316	NA	NA	NA	NA
MER57A-int_00773	11.538336331816636	-0.340388384597299	0.6332703601753017	-0.5375087892998384	0.5909162153527283	0.8936958611911316	NA	NA	NA	NA
MER66-int_00181	22.092041113608648	-0.2344732278908167	0.4455862642414251	-0.526212872135968	0.5987403114152656	0.8936958611911316	NA	NA	NA	NA
MER66-int_00313	169.68329870439874	0.2587457263058788	0.49476413047261536	0.5229678353172372	0.6009966366918271	0.8936958611911316	ENV	0.281	MER66	ENV:0.28
MER70-int_00056	87.38538544866908	0.7675705945760845	1.3719542913044374	0.5594724251682524	0.5758393451937296	0.8936958611911316	NA	NA	NA	NA
MER92-int_00191	74.0801238946046	0.20599359372061937	0.3905856758864491	0.5273966928078175	0.5979181396691302	0.8936958611911316	NA	NA	NA	NA
MST-int_00082	27.83812287027551	0.37383754637579936	0.7069013646263987	0.5288397576844042	0.5969166151150078	0.8936958611911316	NA	NA	NA	NA
PRIMA4-int_00024	13.968559776099879	-0.2721696336366886	0.5148353082537235	-0.5286537835951157	0.5970456431145721	0.8936958611911316	AP | GAG	0.253	PRIMA4	AP:0.25 | GAG:0.08
ERV24B_Prim-int_00202	58.220039826923355	-0.23087340276931584	0.4519655836357019	-0.5108207596519271	0.6094765713082604	0.8939734434048887	NA	NA	NA	NA
HERV16-int_01944	43.62992608007156	0.21195592414681338	0.42117655348976635	0.5032472068793912	0.6147904787094667	0.8939734434048887	RT	0.103	HERV16	RT:0.10
HERV17-int_00322	38.08962075999904	0.24350496678331396	0.47342594060462684	0.5143464814630273	0.6070097695772164	0.8939734434048887	RNaseH | RT	0.879	HERV17	RNaseH:0.88 | RT:0.09
HERVH-int_00147	345.90574525033134	-0.5918638485342433	1.172155996220254	-0.504936075439424	0.6136037349962129	0.8939734434048887	AP | INT | RT	0.941	HERVH	AP:0.94 | RT:0.21 | INT:0.20
HERVH-int_00204	11.622224721743345	0.4536714061762746	0.8809417866712574	0.5149845461304834	0.6065638190692415	0.8939734434048887	AP | GAG | RT	0.985	HERVH	AP:0.98 | RT:0.36 | GAG:0.12
HERVH-int_00324	15.35721105792174	0.3928774912451934	0.7665498366773632	0.5125270040472965	0.6082822260044785	0.8939734434048887	GAG | INT | RT	0.433	HERVH	RT:0.43 | INT:0.18 | GAG:0.13
HERVIP10F-int_00172	17.268947325108194	-0.28812305358428236	0.5578747966865449	-0.5164654422382359	0.6055293691274601	0.8939734434048887	GAG	0.073	HERVIP10F	GAG:0.07
HERVK-int_00059	81.86043260361846	0.2603591248454798	0.5165046717099084	0.5040789350143745	0.614205909017131	0.8939734434048887	AP | DUT | ENV | GAG | INT | ORFX | RNaseH | RT	1	HERVK	AP:1.00 | DUT:0.65 | RNaseH:0.60 | RT:0.58 | INT:0.43 | ENV:0.35 | GAG:0.32 | ORFX:0.18
HERVK-int_00068	13.735415937538576	-0.27779824019053895	0.5475544147273719	-0.507343622329947	0.6119137358296916	0.8939734434048887	NA	NA	NA	NA
HERVK14-int_00020	42.53167029309355	-1.2926787040619765	2.5800498356576864	-0.5010285794469768	0.6163510094677798	0.8939734434048887	AP | DUT | GAG | RNaseH | RT	0.767	HERVK14	AP:0.77 | RT:0.56 | DUT:0.46 | GAG:0.46 | RNaseH:0.39
Harlequin-int_00096	11.064843670208289	-0.3877981080067914	0.7518364637057731	-0.5158011439021585	0.6059933035426447	0.8939734434048887	NA	NA	NA	NA
LOR1-int_00618	219.95501203117783	0.1982292363151253	0.3925910296075882	0.504925536666653	0.6136111373067694	0.8939734434048887	NA	NA	NA	NA
LTR25-int_00143	12.629647343494618	0.2987862548441421	0.5842459771599454	0.5114048988348365	0.6090675653368032	0.8939734434048887	RT	0.265	LTR25	RT:0.27
MER34-int_00267	14.44378682761956	-0.28188594409187795	0.5586551288166354	-0.5045795331530912	0.613854187994409	0.8939734434048887	NA	NA	NA	NA
MER41-int_00105	15.480322666967071	-0.2551105152151848	0.5093519911034269	-0.5008530832725911	0.616474523532311	0.8939734434048887	NA	NA	NA	NA
MLT1J-int_00196	10.521260671032191	0.3129943837003297	0.6029625392702465	0.5190942443607535	0.6036950218167355	0.8939734434048887	NA	NA	NA	NA
PRIMA4-int_00127	8.86867077429621	0.3805321731211079	0.749658125826706	0.507607614739673	0.6117285493630615	0.8939734434048887	NA	NA	NA	NA
LTR37-int_00890	9.919310982576022	0.3153219474850044	0.6316089092304487	0.49923606661785724	0.6176130890559841	0.894385759670284	NA	NA	NA	NA
HERVP71A-int_00096	33.963246502100574	-0.2163174717912562	0.4361811152854056	-0.49593497794995917	0.6199402869963271	0.8960461098864627	INT | RNaseH | RT	0.986	HERVP71A	RNaseH:0.99 | RT:0.24 | INT:0.18
MER68-int_00065	20.34885236304363	0.32624182512421385	0.6588314484980645	0.4951825324488472	0.6204712795297855	0.8960461098864627	NA	NA	NA	NA
MER34-int_00270	15.862086971257506	-0.26177479356585354	0.5326747798004813	-0.4914345553658537	0.6231191290126339	0.8986304794438398	NA	NA	NA	NA
LTR37-int_00897	25.43293850151168	0.2672334975674787	0.5483157567565706	0.48737154508970143	0.6259950546915064	0.9015362066877678	NA	NA	NA	NA
MER57A-int_00209	19.79596792853988	-0.24589872657676637	0.5088517446283213	-0.4832423769252816	0.6289236493076613	0.9041071821991107	NA	NA	NA	NA
MER66-int_00312	27.26506417886306	0.3020784289766403	0.6265018368731348	0.48216686879053877	0.6296874105622134	0.9041071821991107	NA	NA	NA	NA
PABL_A-int_00141	23.257773074944296	-0.3144196820142137	0.6534007098014258	-0.48120498998197997	0.6303708147138021	0.9041071821991107	NA	NA	NA	NA
HERVK11-int_00106	148.59683067493694	0.4038458865492641	0.8445058537736049	0.47820377412982046	0.6325051765621907	0.905927386950224	ENV | GAG | INT | RNaseH | RT	0.441	HERVK11	RNaseH:0.44 | ENV:0.36 | RT:0.26 | GAG:0.17 | INT:0.10
HERVK3-int_00082	1316.8455627826645	0.1257263393921947	0.26708320670209434	0.4707384674036446	0.6378275106449511	0.9110578494478361	INT	0.411	HERVK3	INT:0.41
MER4-int_01601	333.8976588089564	-0.1430650025857164	0.30326660895850144	-0.47174663599477645	0.6371076450428075	0.9110578494478361	NA	NA	NA	NA
ERV3-16A3_I-int_01403	56.01995307684489	-0.16059020176187763	0.3431528010997161	-0.4679845283128318	0.6397956538771383	0.9113823804209031	NA	NA	NA	NA
PRIMA41-int_00336	198.02835144184786	0.2465523243886991	0.52569608853253	0.4690016337708445	0.6390684682223087	0.9113823804209031	RNaseH	0.479	PRIMA41	RNaseH:0.48
HERVK9-int_00115	12.55184755162939	0.3469803009136438	0.7433742753118491	0.46676393364309504	0.640668782357523	0.9113861618591393	ENV | INT	0.224	HERVK9	ENV:0.22 | INT:0.12
HERVS71-int_00047	9.959916047730271	0.2812542022894264	0.6084036750805785	0.46228222117852324	0.6438789474492379	0.9147099836897586	AP | ENV | GAG | INT | RNaseH | RT	0.897	HERVS71	AP:0.90 | RNaseH:0.61 | INT:0.58 | RT:0.32 | GAG:0.23 | ENV:0.11
MER92-int_00364	8.568498466026307	0.35149480321834065	0.7651388329974935	0.45938696097978876	0.6459563100271445	0.9164176918677781	NA	NA	NA	NA
HERVK-int_00014	41.18304859333353	-0.5549931910926184	1.2151978370056464	-0.45671015384636465	0.647879391603523	0.916737712908867	DUT | ENV | GAG | INT	1	HERVK	DUT:1.00 | GAG:1.00 | ENV:0.99 | INT:0.13
HERVL-int_00296	25.383117482839758	-0.20159138986210337	0.44265146738042416	-0.45541787324258753	0.6488086392220348	0.916737712908867	NA	NA	NA	NA
HUERS-P1-int_00221	11.977022433038796	0.27006393019388514	0.5920203268925726	0.45617340811828355	0.6482652859298551	0.916737712908867	NA	NA	NA	NA
HERVL-int_01229	12.095861548129834	-0.26785395297322523	0.5961748010743206	-0.4492876124427706	0.6532241927200889	0.9195507294586922	NA	NA	NA	NA
MER57A-int_00648	173.52590795069025	0.18281410255748332	0.40648051737083574	0.44974874500737855	0.6528916192147856	0.9195507294586922	NA	NA	NA	NA
MER68-int_00006	19.0136628576288	-0.23678593925137778	0.5273672451416143	-0.4489962951487317	0.6534343292428529	0.9195507294586922	NA	NA	NA	NA
MER41-int_00296	231.64587497001344	0.14572176658718386	0.32587049651652467	0.44717692502056383	0.65474732070116	0.9201616708377377	NA	NA	NA	NA
HERVK9-int_00263	10.379720285908181	-0.28110436997347155	0.6362040700316106	-0.44184623018759456	0.658600482348212	0.9230986680302249	AP | DUT	0.985	HERVK9	DUT:0.98 | AP:0.80
THE1D-int_00320	9.178536500272322	-0.3915356241453283	0.8842468464416242	-0.4427899581671581	0.6579176673634923	0.9230986680302249	NA	NA	NA	NA
LOR1-int_00619	79.95462121985354	-0.18595545007353348	0.42300472937080247	-0.4396060780458236	0.6602224378017523	0.9231945068278736	NA	NA	NA	NA
MER61-int_00413	9.754253228481563	0.4022291260673301	0.915579789324469	0.43931630072798117	0.6604323644833594	0.9231945068278736	NA	NA	NA	NA
HERVK-int_00090	16.062332631854648	-0.24012220637289655	0.5490778944641419	-0.43731901938474044	0.6618800039197982	0.9235659705324389	NA	NA	NA	NA
HERVL-int_00743	10.872427264803607	0.295145295001382	0.6761383825634921	0.4365161076677475	0.66246231506195	0.9235659705324389	DUT | INT	0.254	HERVL	DUT:0.25 | INT:0.21
HERV17-int_00102	32.01499036106461	-0.17291669062157455	0.3992100994084321	-0.43314708439944394	0.6649079184485908	0.9245134005520247	AP | ENV | GAG | INT | RNaseH | RT	0.993	HERV17	RNaseH:0.99 | RT:0.77 | ENV:0.49 | AP:0.40 | INT:0.35 | GAG:0.17
PRIMA41-int_00120	15.057664618778606	-0.2936776220712814	0.6768881586272475	-0.433864322086635	0.664386969358824	0.9245134005520247	NA	NA	NA	NA
ERV3-16A3_I-int_00153	18.14204873089013	0.22045717166102102	0.5395020241124975	0.4086308518001984	0.6828105860874293	0.925419451868844	NA	NA	NA	NA
HERV3-int_00101	22.94816460635223	-0.28140977567039566	0.6823932411940175	-0.41238652243682683	0.6800561400827412	0.925419451868844	AP | GAG | RT	0.809	HERV3	AP:0.81 | RT:0.41 | GAG:0.19
HERV30-int_00005	39.3985032219788	0.21162196726121904	0.5159817020814642	0.41013463540962497	0.6817071866720641	0.925419451868844	AP | ENV | GAG | RT	0.353	HERV30	AP:0.35 | ENV:0.16 | GAG:0.12 | RT:0.06
HERVIP10FH-int_00145	112.86741224794069	0.14121292332604662	0.34026489138192706	0.4150087972712516	0.6781354630761985	0.925419451868844	NA	NA	NA	NA
HERVK11-int_00105	48.76757196858776	0.43265924456111315	1.0059125427329665	0.43011616435919975	0.6671111421868747	0.925419451868844	ENV | GAG | INT | RNaseH | RT	0.444	HERVK11	RT:0.44 | RNaseH:0.44 | ENV:0.29 | GAG:0.26 | INT:0.10
HERVK14-int_00113	28.804272510160878	-0.22858941037480915	0.5518525036580103	-0.4142219322365687	0.6787115810272961	0.925419451868844	AP	0.778	HERVK14	AP:0.78
HERVL-int_01009	12.622993571870175	-0.27910626626964014	0.6583994169171291	-0.42391633269743684	0.6716268323711163	0.925419451868844	DUT | INT | RT	0.318	HERVL	RT:0.32 | DUT:0.28 | INT:0.22
HERVL-int_01040	12.349003601623862	0.28548028869819403	0.6783202641245244	0.42086357108415423	0.6738547076031813	0.925419451868844	RNaseH | RT	0.395	HERVL	RT:0.40 | RNaseH:0.30
HERVS71-int_00035	5375.55300222324	-0.1802502601389833	0.43839569176280363	-0.4111588309962423	0.6809560737286233	0.925419451868844	GAG | INT | RNaseH	0.65	HERVS71	RNaseH:0.65 | INT:0.58 | GAG:0.18
Harlequin-int_00099	15.324986374637168	-0.21558633713916717	0.5177725950083819	-0.41637263002627084	0.677137353150933	0.925419451868844	GAG	0.094	Harlequin	GAG:0.09
LTR49-int_00274	25.0946921744557	-0.2509755457127387	0.5943041520272152	-0.4223015182657612	0.6728049501046702	0.925419451868844	NA	NA	NA	NA
MER21-int_00556	75.9734601587106	0.13956360219033842	0.3288791217077406	0.42436139292041175	0.6713022720661098	0.925419451868844	NA	NA	NA	NA
MER4-int_01372	14.351032615162955	0.2683768868106254	0.6561072083341938	0.4090442589283752	0.6825071814177399	0.925419451868844	NA	NA	NA	NA
MER4-int_01716	100.12737368106195	0.4815452993657647	1.160801495334177	0.4148386277079486	0.6782600399734573	0.925419451868844	NA	NA	NA	NA
MER41-int_00163	74.01017256660244	-0.14536115143037195	0.35623382548270716	-0.40804982860177125	0.6832370929270453	0.925419451868844	NA	NA	NA	NA
MER50-int_00319	38.42493460436706	0.6828118036388171	1.660902255072999	0.4111089629466525	0.680992638074731	0.925419451868844	NA	NA	NA	NA
MER57A-int_00210	64.51449991890797	-0.14520852545857182	0.34220142112737273	-0.4243364185344015	0.6713204830221008	0.925419451868844	NA	NA	NA	NA
MER61-int_00606	11.066363040772117	-0.36612440885019615	0.876993013832216	-0.4174769959116711	0.6763295470582624	0.925419451868844	NA	NA	NA	NA
MER70-int_00151	8.952999292451034	-0.2802192840881531	0.6751672086426601	-0.4150368686469522	0.6781149135667364	0.925419451868844	NA	NA	NA	NA
PRIMA4-int_00022	9.79648748309061	0.24435942879865075	0.5939962593056113	0.4113821004265411	0.6807923768858661	0.925419451868844	AP | RNaseH | RT	0.412	PRIMA4	AP:0.41 | RNaseH:0.29 | RT:0.23
ERVL-B4-int_01778	9.190719242862475	-0.3106321077002088	0.7875868156892093	-0.3944099894922413	0.6932783697555119	0.9270863161749543	NA	NA	NA	NA
HERV9NC-int_00056	7.703554859641124	0.4477922364175111	1.1310141442791004	0.39592098709157203	0.6921633180460829	0.9270863161749543	AP | GAG | RT	0.962	HERV9NC	RT:0.96 | AP:0.40 | GAG:0.10
HERVFH19-int_00076	16.041634390828644	0.23073881187209605	0.5907075641613182	0.39061428339705984	0.6960823662073636	0.9270863161749543	AP	0.941	HERVFH19	AP:0.94
HERVH-int_01008	18.70623204366564	-0.29736509160671776	0.7633420807723001	-0.3895567912434003	0.6968643083378119	0.9270863161749543	AP | GAG | RT	0.838	HERVH	AP:0.84 | RT:0.37 | GAG:0.11
HERVK11-int_00065	22.351260739163926	-0.23484352697043273	0.5993192879399822	-0.39185044048499024	0.6951687231778454	0.9270863161749543	ENV	0.711	HERVK11	ENV:0.71
HERVK9-int_00154	48.267039404477664	-0.18389589903352171	0.47001724181901944	-0.39125351725784346	0.6956098536408107	0.9270863161749543	ENV | INT | RNaseH | RT	0.648	HERVK9	INT:0.65 | RNaseH:0.57 | RT:0.54 | ENV:0.44
MER57-int_00471	112.39029539927628	0.14499235619635806	0.3589788865395867	0.40390218375801024	0.6862846504435308	0.9270863161749543	NA	NA	NA	NA
MER57A-int_00199	180.75464298642703	-0.11865356094731097	0.30180861189766256	-0.39314173376717326	0.6942148015291276	0.9270863161749543	NA	NA	NA	NA
MER57A-int_00647	77.50631287493599	-0.18386113015932543	0.4587454243146416	-0.4007912022970279	0.6885738566835424	0.9270863161749543	NA	NA	NA	NA
MER61-int_00032	64.66827549383265	-0.5336180711960519	1.350793305063152	-0.3950405063423854	0.6928129943038165	0.9270863161749543	NA	NA	NA	NA
MER68-int_00064	12.79224431156208	0.2822599329339432	0.7136689626846306	0.3955054061369816	0.6924699326527743	0.9270863161749543	NA	NA	NA	NA
MER68-int_00068	80.09624368401627	0.23338482057517598	0.598837351429805	0.3897298991419594	0.6967362849749983	0.9270863161749543	NA	NA	NA	NA
MLT-int_00331	2110.016546721604	-0.11605222558992337	0.28943483824552996	-0.40096149549030896	0.6884484728951505	0.9270863161749543	NA	NA	NA	NA
MLT1-int_00092	16.820717509844634	0.20942795743396633	0.5236297298699919	0.3999542911476085	0.6891901834980791	0.9270863161749543	NA	NA	NA	NA
LTR52-int_00097	89.6835397009314	-0.1410036549980438	0.3667915998748251	-0.3844244389625173	0.7006638898582462	0.9309582394436342	NA	NA	NA	NA
HERVK13-int_00014	151.62629996287785	-0.2729237964496169	0.7131111482812289	-0.3827226612673628	0.7019254102050116	0.9314523504241409	AP | DUT | ENV | GAG | INT | ORFX | RNaseH | RT	0.911	HERVK13	AP:0.91 | RT:0.84 | DUT:0.81 | ENV:0.57 | ORFX:0.39 | GAG:0.37 | RNaseH:0.35 | INT:0.27
HERVL-int_00545	28.278902164697346	0.30650132277357744	0.8078564994180546	0.3794007017265665	0.7043903295421982	0.9335400949755461	DUT | INT | RNaseH	0.584	HERVL	DUT:0.58 | RNaseH:0.29 | INT:0.22
ERV3-16A3_I-int_02458	16.312974680361382	0.17900435506033496	0.47647667131192434	0.3756833562647817	0.70715231279031	0.9360157667401449	NA	NA	NA	NA
MER34B-int_00093	11.207028133581636	0.2784312953527185	0.7460953665849229	0.3731845925101675	0.7090110626336283	0.9372911396179405	NA	NA	NA	NA
ERVL-E-int_00066	17.237775871511865	0.20015500307976467	0.5405576222163022	0.37027505459847787	0.7111775585728604	0.9373873213782018	NA	NA	NA	NA
ERVL-E-int_01023	16.983118672165148	0.22446345529870318	0.619291606498641	0.36245195791975543	0.7170143182971528	0.9373873213782018	NA	NA	NA	NA
HERV3-int_00099	22.785661981995915	0.20026355408693297	0.5433716798779992	0.3685572169162317	0.712457789839853	0.9373873213782018	AP | GAG | INT | RNaseH | RT	0.7	HERV3	RNaseH:0.70 | RT:0.40 | AP:0.37 | INT:0.19 | GAG:0.09
HERVE_a-int_00054	18.17764119295205	0.20269998682646675	0.5510344404059757	0.3678535713251011	0.7129824211928106	0.9373873213782018	GAG | INT | RNaseH | RT	0.614	HERVE_a	RNaseH:0.61 | INT:0.26 | GAG:0.17 | RT:0.15
HERVH-int_00194	71.38159878750118	0.18357854686109149	0.49465167890924594	0.3711269054335359	0.7105430121504401	0.9373873213782018	AP | ENV | GAG | INT | RNaseH | RT	1	HERVH	RNaseH:1.00 | AP:0.79 | INT:0.65 | ENV:0.49 | RT:0.37 | GAG:0.12
HERVIP10F-int_00062	192.99290887136794	0.15934967382646986	0.43824612283799125	0.36360772069026953	0.7161509606060379	0.9373873213782018	INT	0.125	HERVIP10F	INT:0.12
HERVL66-int_00038	19.249951690156145	0.19800815686548756	0.5449054343459675	0.3633807710197466	0.7163204639897032	0.9373873213782018	ENV	0.082	HERVL66	ENV:0.08
Harlequin-int_00075	9.191841343584795	0.30747039442296553	0.8502924255677146	0.3616054726321675	0.7176468744824758	0.9373873213782018	ENV | GAG	0.433	Harlequin	ENV:0.43 | GAG:0.12
MER4B-int_00042	14.719472219711172	0.18007543495974648	0.4987083273185232	0.3610836737537229	0.718036897559998	0.9373873213782018	NA	NA	NA	NA
MER50-int_00078	21.09911270362541	0.1609125377587536	0.43967419696736965	0.3659813081337036	0.7143790233821383	0.9373873213782018	ENV	0.292	MER50	ENV:0.29
ERVL40-int_00339	86.1348153029342	-0.1836063630503526	0.5210587607848565	-0.35237170328696016	0.7245595203349968	0.9380095522395195	NA	NA	NA	NA
HERV9-int_00169	19.266036373600308	0.25599979161285424	0.7203301961748937	0.3553922811680914	0.7222957306809384	0.9380095522395195	AP | ENV | GAG | INT | RNaseH | RT	0.689	HERV9	RT:0.69 | RNaseH:0.64 | AP:0.50 | ENV:0.27 | INT:0.21 | GAG:0.14
HERV9N-int_00087	11.113423198317822	-0.20600841900459385	0.587124574133995	-0.35087684638043803	0.7256807424202587	0.9380095522395195	GAG	0.191	HERV9N	GAG:0.19
HERVH-int_00311	8.59652321502487	0.28168388269543093	0.8022767244545947	0.35110563987373034	0.7255090969655151	0.9380095522395195	AP | GAG | RT	0.426	HERVH	AP:0.43 | RT:0.34 | GAG:0.12
HERVH-int_00321	13.208221212321686	0.3219411216207113	0.9022263473165046	0.3568296609584303	0.7212193298343059	0.9380095522395195	AP | GAG | INT | RT	0.941	HERVH	AP:0.94 | RT:0.40 | INT:0.21 | GAG:0.13
HERVIP10FH-int_00095	520.6066022398138	0.10419139369107942	0.2964947348183484	0.3514106034797337	0.7252803286074334	0.9380095522395195	NA	NA	NA	NA
HERVS71-int_00037	101.5467576423315	-0.2751823745714506	0.7711861747742922	-0.35683001533577796	0.7212190645221234	0.9380095522395195	ENV | GAG | INT | RNaseH | RT	0.989	HERVS71	ENV:0.99 | RT:0.88 | RNaseH:0.43 | INT:0.33 | GAG:0.23
MER41-int_00186	66.35501869090218	0.1991301981181568	0.5552337524582803	0.35864209846125883	0.7198628490679547	0.9380095522395195	NA	NA	NA	NA
HERVK3-int_00077	715.1756613023075	0.18427375979910338	0.5316201900545882	0.34662671442215476	0.7288717735908883	0.9386577453255351	ENV | INT | RT	0.605	HERVK3	INT:0.60 | RT:0.30 | ENV:0.09
HERVL-int_01419	10.029196255660562	-0.2167889133477887	0.622669701028376	-0.3481603697590374	0.7277197484108237	0.9386577453255351	DUT | RT	0.322	HERVL	RT:0.32 | DUT:0.29
MER4-int_01717	269.68888758382155	0.4453554682922045	1.281303699287096	0.3475799441927746	0.7281556704339807	0.9386577453255351	NA	NA	NA	NA
HERVK-int_00128	9.09346048688762	0.2541312080653252	0.7541793590846531	0.33696388664596183	0.7361441239400115	0.9456968070738552	AP | DUT | ENV | GAG | INT | RNaseH | RT	1	HERVK	AP:1.00 | DUT:1.00 | GAG:1.00 | RNaseH:1.00 | ENV:0.99 | INT:0.76 | RT:0.55
MER21-int_00509	14.008863897598351	-0.19342875903061055	0.5724911251094619	-0.33787206569119554	0.7354595992480112	0.9456968070738552	NA	NA	NA	NA
ERV3-16A3_I-int_00602	10.105752982451325	-0.1804087220670672	0.6095301474102106	-0.2959799820133475	0.7672453688856637	0.9462186430568548	NA	NA	NA	NA
ERV3-16A3_I-int_00980	31.43405607054923	-0.1531785999075641	0.5291553270818331	-0.289477573158543	0.7722159396194093	0.9462186430568548	NA	NA	NA	NA
ERV3-16A3_I-int_02755	385.65961428724785	-0.09720976241712515	0.3251099339873565	-0.2990058200464143	0.7649356048381369	0.9462186430568548	NA	NA	NA	NA
ERVL-E-int_02504	8.569243999928414	-0.19192047235033352	0.6266628881209088	-0.30625791951047254	0.7594082761502492	0.9462186430568548	NA	NA	NA	NA
ERVL-E-int_03130	20.723253701675585	0.15480125398290795	0.499327042986025	0.31001976792040176	0.7565459238333918	0.9462186430568548	NA	NA	NA	NA
ERVL-int_00326	270.18729751285815	0.13279239486930997	0.46072310399759764	0.28822603797616886	0.7731737186816316	0.9462186430568548	NA	NA	NA	NA
ERVL40-int_00155	159.19780449650295	-0.12488222778074129	0.3777904820052034	-0.3305594866178266	0.7409772523190767	0.9462186430568548	NA	NA	NA	NA
ERVL40-int_00870	310.1951486524408	0.09601895076018781	0.3351635153710982	0.2864838992211731	0.7745075234954388	0.9462186430568548	NA	NA	NA	NA
HERV16-int_00695	37.10003845741088	-0.37344138543818317	1.1443115697747024	-0.3263458967837825	0.7441626666812828	0.9462186430568548	NA	NA	NA	NA
HERV3-int_00142	41.964841307184344	0.40469055962404665	1.2328639588449748	0.3282524050773505	0.7427208273736722	0.9462186430568548	ENV	0.136	HERV3	ENV:0.14
HERV9-int_00203	483.1891760409523	0.4906657682615037	1.4941562588301138	0.32838986241350854	0.7426169070123073	0.9462186430568548	AP | ENV | GAG | INT | RNaseH | RT	0.594	HERV9	INT:0.59 | RT:0.50 | RNaseH:0.41 | AP:0.41 | ENV:0.31 | GAG:0.10
HERV9NC-int_00031	247.21775161192264	-0.27122952695183244	0.9019525110311093	-0.3007137555853841	0.7636327785862568	0.9462186430568548	AP | ENV | GAG | RNaseH | RT	0.956	HERV9NC	AP:0.96 | RNaseH:0.64 | RT:0.62 | ENV:0.17 | GAG:0.07
HERVE-int_00114	53.229075443928494	0.1261258613380729	0.4170829253146887	0.30239996337157904	0.762347182663451	0.9462186430568548	INT | RNaseH	0.418	HERVE	INT:0.42 | RNaseH:0.33
HERVE_a-int_00055	28.28417227415705	-0.226364805616194	0.6974571514435461	-0.3245572938031828	0.7455161533967964	0.9462186430568548	ENV	0.356	HERVE_a	ENV:0.36
HERVIP10F-int_00063	15.495088156276108	0.20121585906492606	0.6670304816500272	0.3016591664104768	0.7629118994138321	0.9462186430568548	NA	NA	NA	NA
HERVIP10F-int_00142	44.720858682848274	-0.15959767463515254	0.5297033611540309	-0.30129632231792386	0.7631885450712236	0.9462186430568548	AP | ENV | GAG | INT | RNaseH | RT	0.564	HERVIP10F	RNaseH:0.56 | RT:0.47 | AP:0.34 | INT:0.29 | ENV:0.21 | GAG:0.12
HERVK-int_00026	35.142551697662064	-0.21661900941376988	0.7417884368660469	-0.29202262888992325	0.7702693223397663	0.9462186430568548	AP | DUT | ENV | GAG | INT | RNaseH | RT	1	HERVK	RNaseH:1.00 | AP:0.99 | RT:0.89 | DUT:0.69 | GAG:0.60 | INT:0.53 | ENV:0.31
HERVK11-int_00012	15.63566813806376	0.20945749078600612	0.6496943694313745	0.32239388340294145	0.747154317409211	0.9462186430568548	AP | GAG	0.278	HERVK11	AP:0.28 | GAG:0.14
HERVK13-int_00015	16.152633576354887	-0.20122353534872547	0.6544177316867376	-0.30748484584927005	0.7584743559675198	0.9462186430568548	NA	NA	NA	NA
HERVK3-int_00048	11.386115567235993	0.19936633483708407	0.6086994740906844	0.32752835072662206	0.7432683035994628	0.9462186430568548	ENV | INT	0.36	HERVK3	INT:0.36 | ENV:0.13
HERVK3-int_00062	63.5007657331255	0.15366496174830294	0.5246846417691975	0.29287108772644105	0.7696206889918893	0.9462186430568548	ENV | INT | RNaseH | RT	0.688	HERVK3	INT:0.69 | ENV:0.33 | RNaseH:0.23 | RT:0.13
HERVK3-int_00063	88.90569032346222	-0.1674359841663625	0.5151570613283745	-0.32501929360070336	0.7451664695769425	0.9462186430568548	AP | DUT | GAG | RNaseH | RT	0.881	HERVK3	GAG:0.88 | AP:0.81 | DUT:0.59 | RT:0.53 | RNaseH:0.40
HERVL-int_00213	19.19999396044064	-0.16201116695816822	0.5095199062474612	-0.31796827753277884	0.7505089999448216	0.9462186430568548	INT | RNaseH	0.438	HERVL	INT:0.44 | RNaseH:0.28
HERVL-int_00298	16.1385667726435	-0.22308882220887993	0.6734792155786511	-0.3312482657942202	0.740456965277116	0.9462186430568548	DUT | INT | RT	0.351	HERVL	DUT:0.35 | INT:0.21 | RT:0.16
HERVL-int_01281	379.0418703770102	-0.1051916811001534	0.3416083692034548	-0.30793063221909367	0.7581351164296067	0.9462186430568548	DUT | INT | RNaseH | RT	0.533	HERVL	DUT:0.53 | RT:0.34 | RNaseH:0.31 | INT:0.12
HERVS71-int_00063	54.593503401995775	0.2875543824162889	0.8918042142802438	0.3224411567155106	0.7471185091690641	0.9462186430568548	GAG | INT | RNaseH	0.251	HERVS71	INT:0.25 | RNaseH:0.24 | GAG:0.06
LTR49-int_00652	19.703094929582438	-0.16964582097774702	0.5856807906591955	-0.2896557709990919	0.7720795959588695	0.9462186430568548	NA	NA	NA	NA
MER31-int_00064	43.10969556889173	0.1365080862525971	0.4399808382674614	0.31025916217200067	0.7563638836988107	0.9462186430568548	NA	NA	NA	NA
MER31-int_00353	22.52684209818871	0.14335625997856286	0.4445646283408203	0.3224643861424361	0.7471009137140769	0.9462186430568548	NA	NA	NA	NA
MER4-int_00042	26.464904138655562	-0.192586139234961	0.64822170039883	-0.2970991855355489	0.7663907861615811	0.9462186430568548	NA	NA	NA	NA
MER4-int_01065	78.39612576339387	0.18965992474224255	0.6320885443064427	0.3000527797103907	0.764136896863948	0.9462186430568548	NA	NA	NA	NA
MER4B-int_00138	411.3146898476904	0.12258628029942062	0.42493067181930044	0.2884853657999764	0.7729752309823789	0.9462186430568548	NA	NA	NA	NA
MER4B-int_00364	10.771965890873663	0.4703296686538933	1.5596943218672086	0.3015524658003704	0.7629932487349982	0.9462186430568548	NA	NA	NA	NA
MER51-int_00253	50.15721638400975	-0.1330878693570011	0.42740249636646754	-0.3113876743548255	0.7555059229144776	0.9462186430568548	NA	NA	NA	NA
MER61-int_00375	90.3105106307591	0.34999462413238724	1.1114174667513608	0.31490833516897193	0.7528312528071511	0.9462186430568548	NA	NA	NA	NA
MER89-int_00253	9.343957749585853	-0.19797238430129216	0.6556787390584928	-0.301935036944413	0.7627015858506856	0.9462186430568548	NA	NA	NA	NA
MLT-int_00132	19.772981457599936	-0.18818996001401825	0.6062913217816007	-0.31039527245915016	0.756260388766556	0.9462186430568548	NA	NA	NA	NA
PABL_B-int_00174	11.28510451611889	-0.1936131963942291	0.6275047534721792	-0.30854458922088956	0.7576679767480804	0.9462186430568548	NA	NA	NA	NA
PABL_B-int_00192	24.084609649587357	-0.1937980041437992	0.6749848878739659	-0.28711458230452325	0.774024586973151	0.9462186430568548	NA	NA	NA	NA
PRIMA4-int_00021	21.037044740400454	0.1559518507165008	0.5273400561980008	0.29573298838870193	0.767434002321761	0.9462186430568548	INT | RNaseH	0.334	PRIMA4	INT:0.33 | RNaseH:0.27
PRIMA4-int_00023	95.63614541783082	0.1183857488046974	0.3971189278271293	0.29811157441539066	0.7656180078853855	0.9462186430568548	ENV | RNaseH | RT	0.48	PRIMA4	RNaseH:0.48 | RT:0.32 | ENV:0.11
PRIMA41-int_00321	8.809497348914073	-0.27746902384714073	0.8741743637424758	-0.31740695604393254	0.7509348297422597	0.9462186430568548	INT	0.254	PRIMA41	INT:0.25
LTR43-int_00069	11.900779013109043	0.21649256391343658	0.7603073298424197	0.28474349176445074	0.7758406676739324	0.94674263293077765	NA	NA	NA	NA
MER70-int_00150	110.62918792693614	-0.13934483437374184	0.49181219432505197	-0.28332936023470184	0.7769243727629265	0.9469613716912504	NA	NA	NA	NA
ERVL-B4-int_00732	44.741900893961756	-0.10241226626695353	0.3672087836170451	-0.27889383597576817	0.7803262991150238	0.9492698696329991	NA	NA	NA	NA
HERV30-int_00003	21.793652743292736	-0.15166129151480098	0.5445726894585478	-0.27849595554560996	0.7806316692970509	0.9492698696329991	AP | ENV | GAG | RT	0.368	HERV30	AP:0.37 | RT:0.25 | ENV:0.14 | GAG:0.10
ERV3-16A3_I-int_00152	52.24514783777191	-0.1177767953484838	0.4315826386035572	-0.2728951186024679	0.7849338389494436	0.9512538800700783	NA	NA	NA	NA
ERV3-16A3_I-int_02788	12.751921052929184	0.16198767313064252	0.5937452546533368	0.27282352467005466	0.784988875244076	0.9512538800700783	NA	NA	NA	NA
HERVE_a-int_00038	301.5001692854685	-0.07218477321618347	0.26417281124523984	-0.2732483061974614	0.7846623493288354	0.9512538800700783	AP | GAG | INT | RNaseH | RT	1	HERVE_a	AP:1.00 | RNaseH:0.66 | GAG:0.56 | RT:0.40 | INT:0.18
ERVL-E-int_03843	24.57265424280563	-0.1483651021684193	0.5495251608946938	-0.26998782353634704	0.7871696212811474	0.9527937496894351	NA	NA	NA	NA
ERVL-B4-int_00606	13.079258432517534	0.16800669552556569	0.6450708468281311	0.2604468894411662	0.7945190779829978	0.9538009238808194	NA	NA	NA	NA
ERVL-E-int_03077	17.774622952212138	-0.14495284318476973	0.5495646873126687	-0.2637593836197492	0.7919653337002406	0.9538009238808194	NA	NA	NA	NA
ERVL40-int_00844	23.557506511782318	0.1982154606778803	0.7577472680366191	0.26158518682815135	0.7936412656599192	0.9538009238808194	NA	NA	NA	NA
HERV9NC-int_00007	13.484429209366976	-0.2883546399285001	1.1013476155821214	-0.2618198249569816	0.7934603539730367	0.9538009238808194	AP | ENV | GAG | RNaseH | RT	0.529	HERV9NC	RNaseH:0.53 | RT:0.44 | AP:0.41 | ENV:0.28 | GAG:0.20
HERVH-int_00154	33.87908599685986	-0.19691265639954314	0.7363276283287602	-0.2674253264765781	0.7891417015878697	0.9538009238808194	INT | RNaseH	1	HERVH	RNaseH:1.00 | INT:0.26
HERVL74-int_00066	95.2179984727913	-0.11391856784554329	0.43829646613978196	-0.2599121294516946	0.7949315547889113	0.9538009238808194	NA	NA	NA	NA
MER4-int_00810	11.594570961188369	0.15149358937756643	0.5851297739260763	0.25890596604080124	0.7957077948696502	0.9538009238808194	NA	NA	NA	NA
MER4-int_01064	190.0594156554261	0.182203237188027	0.7054830391930335	0.25826735309815546	0.7962005802023268	0.9538009238808194	NA	NA	NA	NA
MER50-int_00308	14.838071567650047	-0.22224770225343915	0.8500885169243529	-0.2614406592122175	0.7937527054833584	0.9538009238808194	NA	NA	NA	NA
HERV-Fc2-int_00039	346.5936070011398	-0.14718740667433783	0.5765016426478375	-0.2553113396144283	0.7984826423561617	0.9543194275446378	ENV | GAG | INT | RNaseH | RT	0.629	HERV-Fc2	RNaseH:0.63 | ENV:0.53 | RT:0.45 | INT:0.32 | GAG:0.08
HERVH-int_01004	17.28592912558114	-0.37106360632769864	1.453898081270249	-0.2552198198126143	0.7985533238477813	0.9543194275446378	AP | GAG | INT | RT	0.838	HERVH	AP:0.84 | RT:0.22 | INT:0.15 | GAG:0.10
MER52-int_00158	16.105308582470354	-0.1315858138956442	0.5177174402139326	-0.2541653104080673	0.799367849051239	0.9543194275446378	RNaseH	0.514	MER52	RNaseH:0.51
ERVL-E-int_02982	48.218797854296064	0.124281442883438	0.4915138931207153	0.25285438442919983	0.8003807401345968	0.9544403586798665	NA	NA	NA	NA
HERVKC4-int_00013	10.719276454717695	-0.1821671821870636	0.7250949762462198	-0.2512321670329781	0.8016346162110125	0.9548480582172129	NA	NA	NA	NA
HERVL74-int_00064	103.46001482364524	-0.11886290107753504	0.47676951097048353	-0.24930893931448095	0.8031218170267784	0.9555324345761784	NA	NA	NA	NA
HERVK3-int_00083	149.80707911467678	0.08011417038542883	0.32493599475981816	0.24655369573520639	0.8052536437604438	0.9569813450819349	ENV	0.453	HERVK3	ENV:0.45
ERVL-E-int_06218	30.200490156334777	-0.09979814968174827	0.41115442298532756	-0.2427266839479182	0.8082171347117396	0.9573459629232817	NA	NA	NA	NA
HERVK3-int_00020	143.8567707468079	-0.13130157962357278	0.5415327519859914	-0.24246285961845082	0.8084215320826862	0.9573459629232817	AP | DUT | GAG | RNaseH | RT	0.694	HERVK3	DUT:0.69 | RNaseH:0.65 | AP:0.64 | RT:0.51 | GAG:0.42
MER57A-int_00212	9.512572404782546	-0.17139620447041692	0.7093620595258767	-0.24162020250275956	0.8090744665059427	0.9573459629232817	NA	NA	NA	NA
PABL_B-int_00193	16.773359941390595	-0.17266505371327312	0.7151614445136368	-0.2414350704136438	0.8092179342761263	0.9573459629232817	RNaseH	0.607	PABL_B	RNaseH:0.61
HERVK9-int_00153	24.676108357818755	0.11312889631813024	0.47308414504922847	0.23913060182213083	0.8110043131976844	0.9579224102365826	AP | DUT | GAG	0.922	HERVK9	AP:0.92 | DUT:0.72 | GAG:0.11
HERVL-int_00224	355.8539771916972	-0.080287079060095	0.33670939665422195	-0.23844620868286745	0.811535031403867	0.9579224102365826	DUT	0.664	HERVL	DUT:0.66
ERV3-16A3_I-int_02031	245.97285452854123	0.07058561766369782	0.31262323248911533	0.2257849395954775	0.8213686910987786	0.9597913164960059	NA	NA	NA	NA
ERVL-E-int_00230	14.876449555352957	0.15897918051145482	0.7027040888407823	0.22623915676044415	0.8210154173188562	0.9597913164960059	NA	NA	NA	NA
ERVL40-int_00930	23.417942377878596	0.09785504470686417	0.427884949760194	0.2286947572278636	0.8191061699402977	0.9597913164960059	NA	NA	NA	NA
HERVH-int_01121	30.73261363825852	-0.1415636595898815	0.6211760877166702	-0.2278961833676561	0.8197269498915701	0.9597913164960059	AP | RT	0.971	HERVH	AP:0.97 | RT:0.28
HERVH-int_01160	138.34090564093378	0.1611031892473718	0.694040051630984	0.23212376413836874	0.8164418877921662	0.9597913164960059	AP | ENV | GAG | INT | RNaseH | RT	0.643	HERVH	RNaseH:0.64 | AP:0.62 | INT:0.38 | RT:0.29 | GAG:0.13 | ENV:0.13
HERVIP10B3-int_00120	30.05260824166382	0.14913821524462484	0.649374507096194	0.22966441339301374	0.81835254975443394	0.9597913164960059	AP | ENV | GAG | INT | RT	0.338	HERVIP10B3	AP:0.34 | ENV:0.28 | RT:0.27 | INT:0.18 | GAG:0.10
HERVK9-int_00193	71.69643569885453	-0.10266193431827411	0.4409052701531835	-0.23284351825190552	0.8158829188287869	0.9597913164960059	AP | DUT | ENV | GAG | INT | RNaseH | RT	0.91	HERVK9	RT:0.91 | RNaseH:0.76 | INT:0.65 | AP:0.52 | GAG:0.45 | DUT:0.38 | ENV:0.08
HERVS71-int_00008	14.4681739175178	0.1358757736829702	0.5933000210996878	0.22901697092665366	0.8188557257440464	0.9597913164960059	AP | ENV | GAG | INT | RNaseH | RT	1	HERVS71	AP:1.00 | RNaseH:0.60 | INT:0.42 | RT:0.40 | GAG:0.25 | ENV:0.23
MER76-int_00087	18.454555358118306	0.12084999079410343	0.5349157984322352	0.22592339046313112	0.8212610051498028	0.9597913164960059	NA	NA	NA	NA
HUERS-P1-int_00222	64.02362433054836	-0.08337988425404405	0.3756237180011485	-0.2219771549510862	0.8243316674100073	0.9611083026484161	NA	NA	NA	NA
MER92-int_00192	11.728339565847731	0.16036541656211148	0.7222201687396745	0.22204505426919954	0.8242788104089495	0.9611083026484161	NA	NA	NA	NA
HERVH-int_01159	17.977165156628704	-0.23192026628862888	1.0722997934868526	-0.21628304667902787	0.8287671231241646	0.9652048697563962	AP | INT | RT	0.794	HERVH	AP:0.79 | RT:0.40 | INT:0.20
HERVS71-int_00031	39.258846710984926	-0.21243510339553257	1.013349143316668	-0.20963663392484594	0.8339512851683415	0.970163328412504	AP | ENV | GAG | INT | RNaseH | RT	0.5	HERVS71	AP:0.50 | RNaseH:0.40 | RT:0.34 | GAG:0.29 | INT:0.24 | ENV:0.11
ERVL-B4-int_01437	14.124304206522988	0.10823044794337781	0.5279330409620296	0.20500790734020763	0.8375659470732262	0.9712964997742213	NA	NA	NA	NA
ERVL40-int_00338	365.6357443363373	-0.06363818191826114	0.3272406839509871	-0.19446904079870653	0.8458086348211252	0.9712964997742213	NA	NA	NA	NA
HERVH-int_00730	40.78645091953258	0.250563263860132	1.2905591078074377	0.19415093996416796	0.8460576960784048	0.9712964997742213	AP | INT | RT	0.941	HERVH	AP:0.94 | RT:0.34 | INT:0.15
HERVH-int_00813	31.851090006437616	-0.08149845745368443	0.3946019422188861	-0.20653334090402717	0.8363743238230147	0.9712964997742213	GAG | INT | RT	0.2	HERVH	INT:0.20 | RT:0.16 | GAG:0.14
HERVK3-int_00076	266.26065929906235	0.09749175187423491	0.49547539824348147	0.19676406178763794	0.8440121758165664	0.9712964997742213	AP | DUT | GAG	0.689	HERVK3	AP:0.69 | DUT:0.46 | GAG:0.33
HERVL-int_00282	14.861262171177591	0.1404595934144141	0.7088869971407505	0.1981410210385417	0.8429347308732227	0.9712964997742213	DUT | INT | RT	0.492	HERVL	RT:0.49 | DUT:0.32 | INT:0.23
Harlequin-int_00234	374.2080453893249	-0.07498380804186441	0.38368583855684985	-0.1954302205259896	0.845056160144549	0.9712964997742213	ENV | GAG	0.234	Harlequin	ENV:0.23 | GAG:0.10
MER101-int_00130	67.73765463739217	-0.07618880720241387	0.38332981974892244	-0.1987552318583429	0.8424542170354214	0.9712964997742213	NA	NA	NA	NA
MER4-int_01035	40.065475553712055	0.1121912978883929	0.5601206777393284	0.20029843986692633	0.8412471826317642	0.9712964997742213	NA	NA	NA	NA
MER57A-int_00646	63.721979788082855	-0.10923154439198966	0.5555190978437231	-0.1966296835085917	0.8441173399828467	0.9712964997742213	NA	NA	NA	NA
MER57A-int_01220	24.565227972983386	-0.08568879006503123	0.4410999777414894	-0.19426160596011163	0.8459710469265347	0.9712964997742213	INT	0.189	MER57A	INT:0.19
MER66-int_00006	11.398053452696905	0.1937305432331558	0.9641662795450255	0.2009306354548866	0.8407528125668973	0.9712964997742213	NA	NA	NA	NA
HERVK3-int_00084	950.6342826177569	0.057129802740341636	0.2997664227409842	0.1905810604735579	0.8488538297631187	0.9713504578368765	NA	NA	NA	NA
HERVK9-int_00109	508.59252126627695	0.07833392259751326	0.41112069610540264	0.19053753153168942	0.8488879359319408	0.9713504578368765	AP | DUT | ENV | GAG | INT | RNaseH | RT	0.985	HERVK9	DUT:0.98 | RNaseH:0.86 | RT:0.47 | GAG:0.45 | INT:0.30 | AP:0.28 | ENV:0.25
MER61-int_00548	9.059558888221316	0.12228561759647878	0.6346330785778083	0.1926871159481898	0.8472040143479755	0.9713504578368765	NA	NA	NA	NA
LTR49-int_01060	51.25071766958454	0.06761656693801917	0.36649902455442923	0.18449317026211443	0.8536265845391416	0.974642348977624	NA	NA	NA	NA
PRIMAX-int_00099	17.179545001661076	-0.09075806890612682	0.4918208586165624	-0.1845348104214596	0.853593921275464	0.974642348977624	NA	NA	NA	NA
ERVL-int_00325	10.05037561437068	0.1037609333046711	0.5777421885466222	0.17959729332852395	0.8574687297423814	0.9746457174553126	NA	NA	NA	NA
HERVIP10B3-int_00051	23.96563351277193	0.12325404840209798	0.6920589877862947	0.17809760522922127	0.8586463227183496	0.9746457174553126	GAG	0.129	HERVIP10B3	GAG:0.13
HERVK11-int_00009	19.654516815824334	0.14175861154901104	0.7938630030380722	0.17856810432846504	0.8582768409567714	0.9746457174553126	AP | DUT | ENV | GAG | INT	0.97	HERVK11	DUT:0.97 | AP:0.97 | GAG:0.50 | INT:0.31 | ENV:0.10
HERVK14C-int_00032	10.716397300386994	-0.10039023355593482	0.5589616431921951	-0.17960129246545872	0.857465589941872	0.9746457174553126	ENV	0.169	HERVK14C	ENV:0.17
HERVL-int_01466	201.4518980926286	0.06060445544465734	0.3416767523674034	0.177373658069337	0.8592148970499078	0.9746457174553126	INT | RNaseH	0.467	HERVL	INT:0.47 | RNaseH:0.32
MER51-int_00375	23.7633393892148	0.08341943582267232	0.46010145098615823	0.1813066132347014	0.8561269154448498	0.9746457174553126	NA	NA	NA	NA
HERV9NC-int_00144	9.008149044775811	0.15069962719511784	0.8744095845948756	0.17234443657766946	0.8631667516257198	0.9749035479526738	AP | ENV | GAG | RNaseH | RT	0.956	HERV9NC	AP:0.96 | RT:0.51 | RNaseH:0.35 | ENV:0.17 | GAG:0.10
HERVH-int_00099	11.15193834122616	-0.2189128819252684	1.256378735588337	-0.1742411549354629	0.8616759432331271	0.9749035479526738	AP | GAG | RT	0.838	HERVH	AP:0.84 | RT:0.36 | GAG:0.13
HERVK9-int_00252	26.785320158072192	0.1089932661947576	0.620584070319823	0.1756301384574487	0.8605845233106422	0.9749035479526738	AP | DUT | GAG | INT | RNaseH | RT	0.922	HERVK9	AP:0.92 | DUT:0.74 | RT:0.64 | RNaseH:0.54 | INT:0.44 | GAG:0.07
PRIMA4-int_00130	50.770519682776765	0.07384579719910339	0.4262787400722662	0.17323359167896682	0.8624678204466342	0.9749035479526738	NA	NA	NA	NA
ERVL-E-int_05642	39.84151416030688	-0.06607725836805332	0.3864778884611512	-0.1709729336163443	0.8642450480488739	0.9750695746844515	NA	NA	NA	NA
ERVL-E-int_02517	55.11780305498225	0.08672917506703594	0.5116793827283537	0.16949906131566714	0.8654041106402245	0.9753262689346771	NA	NA	NA	NA
HERV3-int_00140	14.383033855374089	0.19201837468922994	1.1584696336866123	0.16575175481999255	0.8683523148839781	0.9759267076040542	INT | RNaseH | RT	0.921	HERV3	RNaseH:0.92 | RT:0.20 | INT:0.15
HERVE-int_00174	42.57358421692981	-0.06519207147310177	0.3969583098795102	-0.16422901309935972	0.8695508620323178	0.9759267076040542	AP | GAG | RT	1	HERVE	AP:1.00 | RT:0.56 | GAG:0.29
MER65-int_00463	7.3792171776315225	0.18394532978094097	1.1210465323649947	0.164083581252318	0.8696653468907188	0.9759267076040542	NA	NA	NA	NA
MER66-int_00018	29.735196117156274	-0.07406469055886382	0.44599395204730535	-0.16606658054189932	0.8681045537929287	0.9759267076040542	NA	NA	NA	NA
ERVL47-int_00064	303.2881092618915	0.4989868702065937	3.074856899274563	0.1622797048943375	0.8710855959820392	0.9764738961383245	NA	NA	NA	NA
THE1-int_00030	24.409932629360608	-0.07768859123760433	0.48351934234054683	-0.16067318188666707	0.8723508127212145	0.9768463111434349	NA	NA	NA	NA
ERVL-B4-int_00811	55.42201239780792	-0.059606719870684353	0.41620442845113303	-0.1432150063671964	0.8861203786230215	0.9772998128371995	NA	NA	NA	NA
ERVL-E-int_00037	113.32862283201283	0.0722210600474042	0.4837320906542071	0.14929970833593295	0.8813171454079296	0.9772998128371995	NA	NA	NA	NA
ERVL-E-int_05301	23.349651645728976	0.09061223816016939	0.6013419017959206	0.15068339307398002	0.8802254740502149	0.9772998128371995	NA	NA	NA	NA
ERVL40-int_00816	10.083138244748424	-0.09708763473191696	0.6505801774719513	-0.14923238994028948	0.8813702626724544	0.9772998128371995	NA	NA	NA	NA
HERV15-int_00005	8.21654454532832	0.12240087963806527	0.7797342899149887	0.15697767973165594	0.8752624389899871	0.9772998128371995	ENV | RNaseH | RT	0.321	HERV15	RNaseH:0.32 | RT:0.28 | ENV:0.19
HERVH-int_00180	17.171223530017446	-0.08865048559413628	0.607622512523583	-0.14589730262947687	0.8840024609952905	0.9772998128371995	AP | RT	0.985	HERVH	AP:0.98 | RT:0.36
HERVH-int_00424	43.102656627173786	-0.08344584418453548	0.5963129336515182	-0.13993633120374468	0.8887102955499486	0.9772998128371995	AP | ENV | INT | RT	0.985	HERVH	AP:0.98 | RT:0.54 | ENV:0.33 | INT:0.33
HERVH-int_00726	18.09282565836601	-0.0726860820346587	0.5089192192678195	-0.14282439979223413	0.8864288663854795	0.9772998128371995	AP | GAG | INT | RT	0.941	HERVH	AP:0.94 | RT:0.50 | INT:0.20 | GAG:0.12
HERVIP10F-int_00158	14.991314882458457	-0.08531196048585502	0.6050857072497242	-0.14099153138754608	0.887876632486999	0.9772998128371995	INT | RNaseH | RT	0.537	HERVIP10F	INT:0.54 | RNaseH:0.48 | RT:0.29
HERVK-int_00015	74.00719399684839	0.061846579718662545	0.4032735810316495	0.15336134730285922	0.8781133246321657	0.9772998128371995	ENV	0.186	HERVK	ENV:0.19
HERVK3-int_00019	15.229748795499013	-0.1099742412330807	0.7919557276165001	-0.1388641276249915	0.8895575182749295	0.9772998128371995	INT	0.356	HERVK3	INT:0.36
HERVL74-int_00065	328.797281333936	-0.07273747539409568	0.4697082368217591	-0.15485671677011165	0.8769342769411714	0.9772998128371995	NA	NA	NA	NA
HUERS-P3-int_00001	388.58065255524707	-0.04246091827845748	0.274326239264253	-0.15478256251512174	0.8769927386235296	0.9772998128371995	NA	NA	NA	NA
LOR1-int_00587	42.579636950926655	-0.06961252137577782	0.4608196222603764	-0.1510624070961213	0.8799264869206148	0.9772998128371995	NA	NA	NA	NA
MER101-int_00129	193.47336674687395	-0.04593607435197614	0.3165942532910153	-0.1450944667329493	0.8846362869674659	0.9772998128371995	NA	NA	NA	NA
MER110-int_00169	18.219800622267265	0.09031638867023126	0.6423179479623334	0.14061009653668832	0.8881779716060509	0.9772998128371995	NA	NA	NA	NA
MER41-int_00478	506.9256215478951	-0.04963664782297226	0.3465849322341196	-0.14321640442649852	0.8861192745143908	0.9772998128371995	NA	NA	NA	NA
PABL_B-int_00191	81.42726590748703	0.0836458757884179	0.5822727120285052	0.14365412299163868	0.8857735998831091	0.9772998128371995	NA	NA	NA	NA
HERVH-int_00372	46.09224372492832	-0.06963868598818718	0.507846065615576	-0.1371255793894474	0.8909315340180273	0.9777833502273319	AP | GAG | INT | RT	0.838	HERVH	AP:0.84 | RT:0.37 | INT:0.16 | GAG:0.13
HERVH-int_00305	10.24318037423392	-0.10498338616008043	0.7836017954077151	-0.13397542830469986	0.8934220046141047	0.9784653125846943	AP | GAG | RNaseH | RT	0.985	HERVH	AP:0.98 | RT:0.79 | RNaseH:0.38 | GAG:0.14
LTR49-int_01062	11.66997727359778	-0.07707348255885352	0.5715807006540685	-0.1348426958269535	0.8927362477025239	0.9784653125846943	NA	NA	NA	NA
ERVL-B4-int_00221	37.2031748406275	0.0511583338470912	0.41207328623751666	0.12414862976000787	0.9011975949771228	0.98004543038116	NA	NA	NA	NA
ERVL-E-int_06315	31.676074714501038	0.07308237086639832	0.5899861058975995	0.1238713422839195	0.9014171437030153	0.98004543038116	NA	NA	NA	NA
HERVE_a-int_00053	567.2718903450274	-0.039214855139758684	0.3098904017607506	-0.12654427151323752	0.8993011070883578	0.98004543038116	ENV	0.245	HERVE_a	ENV:0.24
HERVL-int_00873	19.27313515413479	-0.07181927495142557	0.5636267440894646	-0.12742346899710932	0.8986052420679982	0.98004543038116	DUT | INT	0.299	HERVL	DUT:0.30 | INT:0.21
MER4-int_01066	107.77680430691336	0.07741992632852639	0.6115881111332744	0.1265883442126876	0.8992662226909767	0.98004543038116	NA	NA	NA	NA
MER51-int_00193	569.6501176453864	0.038531722299285184	0.2971477797755742	0.12967191721367363	0.896826001755916	0.98004543038116	NA	NA	NA	NA
MLT-int_00284	12.929834080536002	0.0799780588879031	0.6381537917986247	0.1253272485657202	0.9002644810125672	0.98004543038116	NA	NA	NA	NA
LTR49-int_00653	12.243090261103994	-0.07589395108578796	0.6246244601838814	-0.12150332867759575	0.9032923783356568	0.9810654773002413	NA	NA	NA	NA
ERV24_Prim-int_00311	41.04917555895482	0.019326255483154958	0.40087921612452354	0.04820967190564381	0.9615491420859216	0.9811921742788023	NA	NA	NA	NA
ERV3-16A3_I-int_02756	580.6211751556232	-0.028938349407525918	0.30760920432726896	-0.09407504392078618	0.925049544512304	0.9811921742788023	NA	NA	NA	NA
ERVL-E-int_00253	29.03572615488454	-0.024833349884669165	0.4327196875095262	-0.05738899939495465	0.9542353257720468	0.9811921742788023	NA	NA	NA	NA
ERVL-E-int_02455	14.170364333809536	0.048098831647494844	0.6046123501964181	0.07955317424771287	0.9365926386552784	0.9811921742788023	NA	NA	NA	NA
ERVL-E-int_04000	8.435009029847569	-0.08478511450377149	0.7108686909163677	-0.11926972672615045	0.9050616668416025	0.9811921742788023	NA	NA	NA	NA
ERVL-E-int_04096	18.315521240679967	0.040356444668760955	0.5188027638227549	0.07778764394275361	0.9379969753711529	0.9811921742788023	NA	NA	NA	NA
ERVL-E-int_05300	20.03059194794728	-0.03525501037584235	0.49592848686531443	-0.0710888995280019	0.9433270027126616	0.9811921742788023	NA	NA	NA	NA
ERVL-E-int_07058	118.61039893826744	-0.0339671503271038	0.3810118604983024	-0.08914985030303313	0.928962820266229	0.9811921742788023	NA	NA	NA	NA
HERV-Fc2-int_00004	45.356283563348846	-0.022670542179522572	0.4166581218696699	-0.05441041705317792	0.9566081795423046	0.9811921742788023	GAG	0.195	HERV-Fc2	GAG:0.20
HERV15-int_00028	23.947468994992775	0.05890619285108468	0.5160885227016985	0.11413970716247206	0.9091270461238952	0.9811921742788023	AP | ENV | INT | RNaseH | RT	0.824	HERV15	AP:0.82 | RNaseH:0.70 | INT:0.44 | ENV:0.39 | RT:0.28
HERV16-int_00733	16.929817861492218	-0.026971496152612483	0.5347140607932731	-0.0504409704741989	0.9597709882051049	0.9811921742788023	NA	NA	NA	NA
HERV16-int_01471	272.48785766147563	-0.01451666398276229	0.27872301523908316	-0.05208276026402118	0.9584627496369771	0.9811921742788023	NA	NA	NA	NA
HERV17-int_00246	100.61722194947284	-0.029405866982700528	0.354431749421425	-0.08296623265467248	0.933878389452677	0.9811921742788023	RNaseH	0.193	HERV17	RNaseH:0.19
HERV17-int_00253	11.99187944683156	-0.04966541914240934	0.6057246162513104	-0.08199339734577263	0.9346519639326667	0.9811921742788023	NA	NA	NA	NA
HERV3-int_00022	31.9688039213262	0.08703888116938699	1.2611414823009797	0.06901595292114465	0.944976921182775	0.9811921742788023	ENV | INT	0.215	HERV3	ENV:0.21 | INT:0.20
HERV3-int_00092	19.230964712839437	0.05608366432605677	0.5382928723330995	0.10418801215586558	0.9170201471096164	0.9811921742788023	INT	0.197	HERV3	INT:0.20
HERV35I-int_00262	9.981448721838335	-0.0483777031442927	0.9349958830845876	-0.05174108679996834	0.9587349985355331	0.9811921742788023	NA	NA	NA	NA
HERV9NC-int_00010	232.73537343355935	-0.039647300501008106	0.3460514149955661	-0.11457054871894139	0.9087855246711534	0.9811921742788023	AP | ENV | GAG | RNaseH | RT	0.668	HERV9NC	ENV:0.67 | RNaseH:0.64 | RT:0.50 | AP:0.35 | GAG:0.21
HERV9NC-int_00084	1401.8564571412292	-0.04844702153420016	0.9967305032028119	-0.04860593849443203	0.9612333373267895	0.9811921742788023	AP | ENV | GAG | RNaseH | RT	0.651	HERV9NC	RT:0.65 | RNaseH:0.52 | ENV:0.48 | AP:0.43 | GAG:0.20
HERVE-int_00005	15.072566471400856	0.13651644152932402	1.2200892852407976	0.11189053389841142	0.9109102023253682	0.9811921742788023	AP | GAG | INT | RNaseH | RT	1	HERVE	AP:1.00 | RT:1.00 | RNaseH:0.99 | GAG:0.38 | INT:0.28
HERVFH19-int_00079	20.79747951700604	-0.0833488808093158	1.0172067739562614	-0.08193897538171496	0.9346952407563895	0.9811921742788023	AP	0.382	HERVFH19	AP:0.38
HERVH-int_00507	41.74595167819824	-0.03735432787384912	0.4755157608937141	-0.07855539383940303	0.9373862684004372	0.9811921742788023	NA	NA	NA	NA
HERVH-int_00862	39.62891698142839	-0.045497982373681925	0.861051623041037	-0.05284001697017129	0.9578593770886696	0.9811921742788023	AP | GAG | INT | RT	0.794	HERVH	AP:0.79 | RT:0.34 | INT:0.20 | GAG:0.13
HERVH-int_00889	16.889510857037145	-0.07527301679962804	1.2073316396648492	-0.06234659502547581	0.9502868231592378	0.9811921742788023	INT	0.2	HERVH	INT:0.20
HERVH-int_00923	10.129430348423412	-0.03978832323539991	0.6026854698446937	-0.06601838807504846	0.9473631858237413	0.9811921742788023	ENV | INT | RNaseH | RT	0.424	HERVH	INT:0.42 | RNaseH:0.41 | RT:0.26 | ENV:0.08
HERVIP10B3-int_00054	29.96511306787041	0.038681617812317264	0.821609855891878	0.04708027482256454	0.9624492483135912	0.9811921742788023	ENV | INT | RNaseH	0.993	HERVIP10B3	RNaseH:0.99 | ENV:0.33 | INT:0.15
HERVIP10B3-int_00070	36.660136220928216	0.0531242301157182	0.6333818992061166	0.08387393163951215	0.9331566660495311	0.9811921742788023	INT	0.158	HERVIP10B3	INT:0.16
HERVIP10B3-int_00084	26.258716116554425	0.05300777844395807	0.5420969736151822	0.09778283411260408	0.9221047384472413	0.9811921742788023	ENV	0.244	HERVIP10B3	ENV:0.24
HERVIP10B3-int_00096	585.1498232697736	-0.03419656685005521	0.313502772895843	-0.10907899325476318	0.9131398364121871	0.9811921742788023	NA	NA	NA	NA
HERVIP10F-int_00102	9.431682315774287	0.09413727279910515	1.0343601048544957	0.09101015435272179	0.9274845225369938	0.9811921742788023	AP | ENV | GAG | INT | RNaseH | RT	0.408	HERVIP10F	RT:0.41 | AP:0.35 | RNaseH:0.34 | INT:0.20 | ENV:0.19 | GAG:0.04
HERVK-int_00033	454.9318965382749	-0.05941335405966969	0.719484270121935	-0.08257769700733078	0.9341873359036243	0.9811921742788023	AP | DUT | ENV | GAG | INT | ORFX | RNaseH | RT	1	HERVK	GAG:1.00 | RNaseH:1.00 | DUT:0.99 | AP:0.99 | RT:0.82 | ENV:0.62 | ORFX:0.56 | INT:0.45
HERVK-int_00038	20.338942796821154	0.033691425665636064	0.5093986729067949	0.06613960235385344	0.9472666817416843	0.9811921742788023	ENV | INT | RT	0.752	HERVK	RT:0.75 | ENV:0.65 | INT:0.33
HERVK-int_00094	11.880305551329046	-0.029608152533746036	0.6068570472994176	-0.04878933624567047	0.9610871804981087	0.9811921742788023	INT	0.304	HERVK	INT:0.30
HERVK13-int_00026	1603.2888664707916	-0.01781372972691648	0.3071835882674538	-0.05799049951655197	0.9537561960801421	0.9811921742788023	NA	NA	NA	NA
HERVK14C-int_00021	19.785996505810214	-0.047130286286254125	0.6368057943252841	-0.07401045453141669	0.9410020665640183	0.9811921742788023	AP | DUT | ENV | GAG | INT | ORFX | RNaseH | RT	0.967	HERVK14C	AP:0.97 | RT:0.90 | RNaseH:0.83 | ORFX:0.80 | DUT:0.60 | INT:0.46 | ENV:0.36 | GAG:0.26
HERVK3-int_00080	124.38625911665488	-0.057901847779756106	0.5406954900139453	-0.10708772099849165	0.914719388372244	0.9811921742788023	ENV | INT | ORFX | RNaseH | RT	0.941	HERVK3	RNaseH:0.94 | RT:0.77 | ORFX:0.65 | INT:0.32 | ENV:0.18
HERVK9-int_00191	12.400896111115408	-0.08410142518852488	0.8334253213005984	-0.10091057115625039	0.9196214513774862	0.9811921742788023	AP | DUT | GAG | INT | RNaseH | RT	0.985	HERVK9	DUT:0.98 | RNaseH:0.96 | AP:0.91 | INT:0.52 | RT:0.34 | GAG:0.30
HERVL-int_00950	16.226348813559746	0.050034340668672565	0.6730910543854902	0.07433517403429504	0.9407436896098174	0.9811921742788023	DUT | RNaseH | RT	0.282	HERVL	RNaseH:0.28 | DUT:0.26 | RT:0.19
HERVL74-int_00138	150.18464420970267	-0.029376077775713067	0.2904821921871988	-0.10112867007276613	0.9194483192806111	0.9811921742788023	NA	NA	NA	NA
HUERS-P3b-int_00258	695.6881655044997	-0.018509308314143623	0.27359192704207463	-0.06765297687784899	0.9460618825139351	0.9811921742788023	ENV	0.146	HUERS-P3b	ENV:0.15
Harlequin-int_00239	10.486778699087827	-0.045411734016733145	0.6978179019232658	-0.06507676843998016	0.9481128773148135	0.9811921742788023	ENV	0.186	Harlequin	ENV:0.19
LOR1-int_00487	16.259000411604617	-0.027417216546032307	0.5449324814128216	-0.050313052499548094	0.9598729225532577	0.9811921742788023	NA	NA	NA	NA
LOR1-int_00745	13.230283426080168	0.046137169181130804	0.6554475754866254	0.07039032701719446	0.9438829900744001	0.9811921742788023	NA	NA	NA	NA
LTR23-int_00210	18.308252502335822	0.051535107996517775	0.4664957075772357	0.11047284500036976	0.9120343845835784	0.9811921742788023	NA	NA	NA	NA
LTR46-int_00043	1243.659458229601	-0.021364256703114877	0.3198101859730848	-0.06680292761192069	0.9467385927207352	0.9811921742788023	ENV | GAG | INT | RNaseH | RT	0.321	LTR46	RNaseH:0.32 | RT:0.31 | INT:0.15 | GAG:0.10 | ENV:0.07
MER31-int_00267	15.740250024907999	-0.06074833212444644	0.7643315100703288	-0.07947903667985214	0.9366516051640099	0.9811921742788023	NA	NA	NA	NA
MER31-int_00370	19.666206709454915	-0.0561206573344145	0.49043145766008717	-0.114431194120731	0.9088959870690729	0.9811921742788023	NA	NA	NA	NA
MER4-int_00566	37.75409617548309	-0.04635578268582585	0.6606713900717288	-0.0701646588340885	0.9440626031372569	0.9811921742788023	NA	NA	NA	NA
MER4-int_01039	29.94720153546719	0.0473146174556269	0.49249854947383526	0.09607057220001125	0.9234645231573094	0.9811921742788023	NA	NA	NA	NA
MER4-int_01322	22.595186994375034	-0.03910846881105014	0.6320775061935389	-0.06187290075637548	0.9506640482018434	0.9811921742788023	NA	NA	NA	NA
MER41-int_00388	13.689660444982405	-0.055134260169146826	0.56182268881245645	-0.09813462728905799	0.9218253916189902	0.9811921742788023	NA	NA	NA	NA
MER51-int_00201	203.5225079812442	-0.021975297431824033	0.34207896523453046	-0.06424042301682506	0.9487787909363065	0.9811921742788023	NA	NA	NA	NA
MER57-int_00687	580.1613784161391	-0.03802502340672853	0.414288041820259	-0.09178402359782782	0.9268696377979695	0.9811921742788023	NA	NA	NA	NA
MER57A-int_00198	22.242247503872328	0.04398311075988692	0.43667820814403924	0.10072201895950576	0.9197711316582281	0.9811921742788023	NA	NA	NA	NA
MER57A-int_00286	10.544293071083274	0.06467141150594191	0.7595652070238432	0.08514267229187583	0.9321479658706686	0.9811921742788023	NA	NA	NA	NA
MER57A-int_00643	9.36985981611021	-0.07256524855732162	0.6424403851761651	-0.11295250147984288	0.9100682124602311	0.9811921742788023	NA	NA	NA	NA
MER61-int_00231	139.79397103191937	-0.04660296394897718	0.4812111395155898	-0.0968451478406962	0.9228493696253023	0.9811921742788023	NA	NA	NA	NA
MER66-int_00179	30.60718239725282	0.05127533623820288	0.4370255744631637	0.1173279991707323	0.906600138126531	0.9811921742788023	NA	NA	NA	NA
MER70-int_00088	375.5295262871473	0.03454639677903149	0.35976392491697606	0.09602518314476328	0.9235005717221257	0.9811921742788023	NA	NA	NA	NA
MER89-int_00255	10.378020614460507	0.05119203940097311	0.6176862281074403	0.08287709369500265	0.9339492679526115	0.9811921742788023	NA	NA	NA	NA
MLT1H-int_00132	13.9895026121302	-0.035281824598859646	0.5848326173130161	-0.060328072604705615	0.9518943439535505	0.9811921742788023	NA	NA	NA	NA
THE1D-int_00052	21.241697538567458	-0.05161439407652232	0.6113735564276798	-0.08442366133417786	0.9327195954145913	0.9811921742788023	NA	NA	NA	NA
THE1D-int_00182	7.063875705208237	-0.057793301400537504	1.0338405360084788	-0.05590156255980228	0.9554202260356501	0.9811921742788023	NA	NA	NA	NA
MER41-int_00912	15.796912987255828	0.04389739459728179	0.9936604248093032	0.04417746093259807	0.9647629480796759	0.9825941698827049	NA	NA	NA	NA
ERVL40-int_00426	18.078964413723718	0.021541393710068565	0.5982731019327491	0.03600595387036137	0.9712776115321001	0.9847254088974554	NA	NA	NA	NA
HERVIP10FH-int_00348	61.93362817948557	0.05009002503491618	1.3028291680715207	0.03844711667690143	0.9693311950551925	0.9847254088974554	ENV	0.301	HERVIP10FH	ENV:0.30
HERVK-int_00139	384.253697959243	-0.012182405167625258	0.3632500037443288	-0.03353724719077984	0.9732461635646187	0.9847254088974554	NA	NA	NA	NA
HERVL-int_00683	171.78796847524535	-0.02821813654700079	0.7878850796330356	-0.03581504114806139	0.9714298396598585	0.9847254088974554	DUT | INT | RT	0.526	HERVL	DUT:0.53 | RT:0.47 | INT:0.27
LTR19-int_00061	8.492716467511572	-0.04102166833176273	1.0738787695967706	-0.03819953377713753	0.9695285926180369	0.9847254088974554	NA	NA	NA	NA
MER101-int_00463	26.870518745537197	0.025375677949967458	0.7325713355775395	0.034639190366303314	0.9723674508457745	0.9847254088974554	NA	NA	NA	NA
MER4-int_01707	21.513425735956517	-0.03897740798876067	1.170660431796488	-0.033295229709734184	0.9734391577926135	0.9847254088974554	NA	NA	NA	NA
HERVH-int_00526	148.54123240002966	-0.022625849300504312	0.8004893846053289	-0.028265021042920762	0.9774507786107818	0.9878291169937148	AP | GAG | INT | RT	0.824	HERVH	AP:0.82 | RT:0.39 | INT:0.15 | GAG:0.13
ERVL40-int_00099	18.194353478164007	-0.013659541931261614	0.5598628735909448	-0.024398013470065795	0.9805351328765285	0.9890368825835504	NA	NA	NA	NA
HERVK9-int_00114	32.442521629502146	0.013105152641462746	0.513286805288389	0.025531832313709382	0.9796307582433393	0.9890368825835504	AP | DUT | GAG | INT | RNaseH | RT	0.822	HERVK9	AP:0.82 | INT:0.73 | DUT:0.56 | RNaseH:0.47 | RT:0.41 | GAG:0.22
HERVH-int_01173	15.234581330258612	-0.020579433375297967	1.2171421832621037	-0.016907994528743007	0.9865100149678864	0.9908165928944205	AP | GAG | RT	0.838	HERVH	AP:0.84 | RT:0.51 | GAG:0.12
HERVK13-int_00027	54.025595276441365	0.005830670033898127	0.3570553520658734	0.016329877146954018	0.9869712222001392	0.9908165928944205	AP | DUT | GAG | RT	0.97	HERVK13	DUT:0.97 | AP:0.59 | RT:0.37 | GAG:0.22
MER21-int_00050	16.750429792422494	0.008619918735381552	0.5303048452473328	0.016254648270017682	0.9870312381937731	0.9908165928944205	NA	NA	NA	NA
MER4-int_00886	13.220157789139868	-0.012785755642157016	0.6400924168885873	-0.019974858793527107	0.9840634283401659	0.9908165928944205	NA	NA	NA	NA
MLT-int_00040	8.925411442458959	0.01190114891820986	0.608043215700247	0.019572866880035854	0.9843841087792886	0.9908165928944205	NA	NA	NA	NA
MER51-int_00250	17.6509860786169	0.006986720979788742	0.4847876922695596	0.01441191905487541	0.9885013503474109	0.9913418714690988	NA	NA	NA	NA
MER110-int_00104	14.196064871251238	0.005583337945651182	0.5235100004288346	0.010665198259971302	0.9914905642904626	0.9927347320324544	NA	NA	NA	NA
MER41-int_00819	16.136677863175322	-0.006690767516994757	0.6499550343083605	-0.010294200619762307	0.991786561323732	0.9927347320324544	NA	NA	NA	NA
HERVK22-int_00151	25.983170606531647	0.001357655191286137	0.6905452412543001	0.0019660626272944904	0.9984313099947133	0.9984313099947133	GAG | INT	0.191	HERVK22	GAG:0.19 | INT:0.19
HERVH-int_00323	1032.1239292795194	2.532249093617345	1.0453673884259793	2.4223532526972926	NA	NA	AP | INT | RT	0.941	HERVH	AP:0.94 | RT:0.37 | INT:0.14
HERVH-int_00728	227.3060964185712	-0.1913754452776052	1.4742603414534545	-0.12981116014348631	NA	NA	AP | GAG | INT | RT	0.838	HERVH	AP:0.84 | RT:0.34 | INT:0.15 | GAG:0.13
HERVH-int_01332	62.03550297086633	2.2752157914366267	1.0441776762765094	2.1789546387832615	NA	NA	AP | GAG | INT | RT	0.412	HERVH	AP:0.41 | RT:0.21 | INT:0.16 | GAG:0.14
MER65-int_00330	122.39557679528176	6.054679199393586	2.5006183923697876	2.4212727611171747	NA	NA	NA	NA	NA	NA
MER65-int_00337	348.6486679367968	4.459214937895113	3.140299525820128	1.4199966917902629	NA	NA	NA	NA	NA	NA
